Fighter,Elo Rating
Jon Jones,1339.44
Georges St-Pierre,1313.66
Islam Makhachev,1293.11
Max Holloway,1259.88
Khabib Nurmagomedov,1254.88
Belal Muhammad,1244.17
Leon Edwards,1235.68
Francis Ngannou,1233.94
Charles Oliveira,1233.57
Amanda Nunes,1223.48
Aljamain Sterling,1223.32
Demetrious Johnson,1213.98
Stipe Miocic,1213.65
Kamaru Usman,1212.4
Robert Whittaker,1211.11
Dustin Poirier,1205.14
Alexander Volkanovski,1197.64
Deiveson Figueiredo,1197.48
Dricus Du Plessis,1195.65
Daniel Cormier,1192.17
Brendan Allen,1190.48
Merab Dvalishvili,1189.05
Valentina Shevchenko,1185.39
Magomed Ankalaev,1181.21
Alex Pereira,1177.9
Royce Gracie,1175.75
Alexander Volkov,1174.64
Ryan Bader,1174.06
Alexandre Pantoja,1172.98
Colby Covington,1172.69
Tom Aspinall,1169.95
Ciryl Gane,1169.26
Sean Strickland,1168.77
Arman Tsarukyan,1168.61
Beneil Dariush,1168.34
Israel Adesanya,1168.02
Sean O'Malley,1164.98
Khamzat Chimaev,1164.55
Glover Teixeira,1164.07
Cain Velasquez,1163.66
Ilia Topuria,1163.14
Jon Fitch,1162.15
Arnold Allen,1161.78
TJ Dillashaw,1161.62
Ian Machado Garry,1158.8
Jack Della Maddalena,1158.74
Curtis Blaydes,1157.76
Randy Brown,1157.69
Zhang Weili,1156.64
Shavkat Rakhmonov,1156.22
Movsar Evloev,1155.32
Gegard Mousasi,1154.26
Anthony Johnson,1152.8
Benson Henderson,1151.86
Don Frye,1151.03
Raquel Pennington,1150.7
Vicente Luque,1150.62
Michael Bisping,1150.14
Jose Aldo,1149.74
Grant Dawson,1149.01
Michel Pereira,1148.5
Demian Maia,1147.93
Henry Cejudo,1147.65
Cory Sandhagen,1147.37
Manon Fiorot,1144.7
Tatiana Suarez,1143.43
Jan Blachowicz,1143.06
Francisco Trinaldo,1141.2
Justin Gaethje,1139.5
Rose Namajunas,1139.06
Caio Borralho,1138.69
Conor McGregor,1138.31
John Lineker,1137.51
Maycee Barber,1137.44
Sean Brady,1137.36
Dan Hooker,1136.56
Neil Magny,1134.07
Muhammad Mokaev,1133.43
Song Yadong,1133.31
Dong Hyun Kim,1131.59
Umar Nurmagomedov,1130.94
Josh Emmett,1130.39
Drakkar Klose,1130.11
Jailton Almeida,1129.66
Lyoto Machida,1129.43
Renato Moicano,1128.8
Matt Hughes,1128.47
Paddy Pimblett,1128.14
Gilbert Burns,1128.13
Marlon Vera,1127.38
Fabricio Werdum,1126.84
Rustam Khabilov,1125.49
Gregor Gillespie,1124.92
Montel Jackson,1124.35
Yair Rodriguez,1124
Kenny Florian,1123.68
Lerone Murphy,1123.46
Randy Couture,1123.36
Derek Brunson,1122.32
Derrick Lewis,1121.87
Jonathan Martinez,1121.28
TJ Grant,1120.87
Mario Bautista,1120.8
Norma Dumont,1120.29
Yoel Romero,1119.34
Rafael Dos Anjos,1118.64
Tatsuro Taira,1118.41
Zabit Magomedsharipov,1118.06
Nate Diaz,1117.47
Natalia Silva,1117.47
Michael Morales,1116.55
Joseph Benavidez,1115.9
Petr Yan,1115.46
Giga Chikadze,1114.35
Brian Ortega,1114.3
Joaquin Buckley,1113.61
Mateusz Gamrot,1113.58
Gunnar Nelson,1113.15
Chris Gutierrez,1112.74
Zak Cummings,1111.31
Phil Davis,1111.06
Diego Lopes,1110.59
Carlos Ulberg,1110.15
Erin Blanchfield,1109.75
Diego Ferreira,1107.63
James Krause,1107.04
Frank Shamrock,1106.91
Michael Chiesa,1106.91
Alistair Overeem,1106.64
Kyoji Horiguchi,1106.33
Stephen Thompson,1105.68
Brandon Moreno,1105.67
Anthony Pettis,1104.86
Tyron Woodley,1104.79
Jack Hermansson,1104.52
Said Nurmagomedov,1104.51
Anderson Silva,1103.72
Rory MacDonald,1103.55
Carla Esparza,1103.3
Virna Jandiroba,1102.71
Gregory Rodrigues,1102.62
Elizeu Zaleski dos Santos,1102.39
Nikita Krylov,1102.35
Rich Franklin,1102.27
Nassourdine Imavov,1102
Marvin Vettori,1101.08
Serghei Spivac,1100.97
Kevin Holland,1100.73
Robbie Lawler,1100.64
Jairzinho Rozenstruik,1100.45
Amir Albazi,1100.27
Nasrat Haqparast,1100.2
Chuck Liddell,1099.97
Joanderson Brito,1099.84
Forrest Griffin,1099.16
Kyler Phillips,1098.61
Vitor Belfort,1098.46
Jamahal Hill,1098.45
Josh Barnett,1098.07
Cristiane Justino,1097.7
Mairbek Taisumov,1097.66
Chris Weidman,1097.39
Rick Story,1097.05
Jessica Andrade,1096.99
Ricardo Lamas,1096.21
Alexa Grasso,1096.11
Khalil Rountree Jr.,1096.08
Chas Skelly,1095.79
Jim Miller,1095.51
Tim Sylvia,1095.21
Dominick Cruz,1094.8
Sergei Pavlovich,1094.53
Khaos Williams,1093.84
Matt Lindland,1093.83
Shane Burgos,1093.79
Pat Miletich,1093.57
Dan Severn,1093.45
Jared Cannonier,1093.38
Jake Matthews,1092.66
Thiago Silva,1092.17
Azamat Murzakanov,1091.59
Elias Theodorou,1091.56
Anthony Hernandez,1091.5
Steve Garcia,1090.84
Joel Alvarez,1090.51
Corey Anderson,1090.49
Erik Perez,1090.45
Michel Prazeres,1090.36
Sean Woodson,1090.2
Anthony Rocco Martin,1090.18
Yan Xiaonan,1089.16
Oleg Taktarov,1089.09
Macy Chiasson,1089.07
Rinat Fakhretdinov,1089.03
Julianna Pena,1088.91
Chad Mendes,1088.9
Edson Barboza,1088.65
Darren Elkins,1088.4
Ketlen Vieira,1088.37
Frankie Edgar,1088.29
Bryce Mitchell,1087.33
Roman Dolidze,1087.33
Germaine de Randamie,1087.05
Jorge Masvidal,1086.5
Nathaniel Wood,1086.26
Marcin Tybura,1085.94
Rashid Magomedov,1085.56
Kelvin Gastelum,1085.49
Anthony Smith,1085.31
Karine Silva,1085.09
John Hathaway,1085.03
Yushin Okami,1085.02
Mark Kerr,1084.87
Junior Dos Santos,1084.73
Urijah Faber,1084.71
Sean Sherk,1084.58
Andre Muniz,1083.88
Katlyn Cerminara,1083.54
Brandon Royval,1083.29
Chepe Mariscal,1082.96
Gillian Robertson,1082.79
Rob Font,1082.69
Ludovit Klein,1082.68
Amanda Lemos,1082.36
Geoff Neal,1082.22
Martin Kampmann,1082.19
Paul Felder,1081.41
Benoit Saint Denis,1081.33
Tabatha Ricci,1081.03
Omari Akhmedov,1080.65
Chan Sung Jung,1080.59
Matt Hamill,1080.36
David Teymur,1080.25
Rani Yahya,1080.01
Alex Morono,1079.12
Jordan Johnson,1079.1
Ryan Hall,1078.82
Miranda Maverick,1078.61
Andre Petroski,1078.59
Thales Leites,1078.33
Bryan Battle,1077.92
Pedro Rizzo,1077.88
Mick Parkin,1077.72
Marcos Rogerio de Lima,1077.54
Rousimar Palhares,1077.07
Nicolas Dalby,1076.38
Ronda Rousey,1075.93
Krzysztof Jotko,1075.68
Mike Pierce,1075.61
Volkan Oezdemir,1075.45
Quinton Jackson,1075.44
Adrian Yanez,1075.12
Carlos Prates,1074.88
Rafael Fiziev,1074.67
Muslim Salikhov,1074.55
Alan Belcher,1074.38
Tracy Cortez,1074.16
Cheick Kongo,1074.1
Kai Kara-France,1073.88
Santiago Ponzinibbio,1073.72
Roger Huerta,1073.66
Ignacio Bahamondes,1073.2
Jiri Prochazka,1072.92
Thiago Santos,1072.19
Uriah Hall,1071.4
Dan Ige,1071.19
Dennis Siver,1071
Waldo Cortes-Acosta,1071
Nate Quarry,1070.83
Li Jingliang,1070.74
King Green,1070.58
Jean Silva,1070.23
Loma Lookboonmee,1069.63
Sage Northcutt,1069.55
Gerald Meerschaert,1069.35
Johny Hendricks,1069.29
Dominick Reyes,1069.18
Miles Johns,1068.93
Rashad Evans,1068.44
Ryan LaFlare,1068.42
Jared Rosholt,1068.19
Irene Aldana,1067.91
Joe Pyfer,1067.8
JunYong Park,1067.72
Al Iaquinta,1067.63
Mackenzie Dern,1067.12
Cody Garbrandt,1067.08
Sergio Pettis,1067.07
Jack Shore,1066.94
Matt Brown,1066.7
Brad Tavares,1066.65
Mike Swick,1066.26
Joanna Jedrzejczyk,1065.9
Kevin Lee,1064.65
Myles Jury,1064.61
Mike Davis,1064.59
Payton Talbott,1064.54
Aiemann Zahabi,1064.48
Brett Johns,1063.69
Paulo Costa,1063.67
Martin Buday,1063.61
Ricky Simon,1063.57
Rodolfo Vieira,1063.52
Shara Magomedov,1063.34
Daniel Marcos,1063.3
Farid Basharat,1062.82
Matthew Riddle,1062.75
Aleksandar Rakic,1062.7
Mark Bocek,1062.59
Tagir Ulanbekov,1062.51
Bo Nickal,1062.47
Chris Lytle,1062.17
Chael Sonnen,1062.11
Cub Swanson,1061.99
Matt Mitrione,1061.85
Alex Caceres,1061.54
Raul Rosas Jr.,1061.52
Jimmie Rivera,1061.37
Diego Sanchez,1061.27
Asu Almabayev,1061.19
Ricco Rodriguez,1060.9
Ruslan Magomedov,1060.85
Jens Pulver,1060.81
Jasmine Jasudavicius,1060.77
Chase Hooper,1060.5
William Gomis,1060.37
Sodiq Yusuff,1060.23
Jalin Turner,1060.18
Marina Rodriguez,1060.17
Marcus McGhee,1059.7
Lauren Murphy,1059.66
Chris Curtis,1059.62
Amanda Ribas,1059.06
Calvin Kattar,1058.92
Karo Parisyan,1058.84
Karol Rosa,1058.54
Fares Ziam,1058.5
Dustin Ortiz,1058.01
Matheus Nicolau,1057.96
Daniel Rodriguez,1057.91
Donald Cerrone,1057.89
Luke Rockhold,1057.83
Alonzo Menifield,1057.54
Drew Dober,1057.43
Leonardo Santos,1057.32
Alatengheili,1057.2
Taylor Lapilus,1057.15
Jeff Molina,1057.09
Rinya Nakamura,1057.04
Justin Willis,1056.89
Andre Lima,1056.8
John Dodson,1056.55
Nate Maness,1056.3
Vitor Petrino,1056.21
Eddie Alvarez,1055.96
Murilo Bustamante,1055.83
Dan Hardy,1055.66
Victor Henry,1055.43
Jerry Bohlander,1055.31
Evan Tanner,1055.26
Nik Lentz,1055.01
Guy Mezger,1054.85
Alejandro Perez,1054.78
Shane Carwin,1054.67
Jacare Souza,1054.37
Michael McDonald,1054.3
Damir Ismagulov,1053.87
Pedro Munhoz,1053.77
Mark Munoz,1053.75
James Vick,1053.53
Jaqueline Amorim,1053.14
Patrick Smith,1053.03
Tony Ferguson,1052.94
Alexandr Romanov,1052.8
Raphael Assuncao,1052.77
Alan Jouban,1052.72
Stevie Ray,1052.44
Chris Wade,1052.32
Renato Sobral,1052.15
Vinc Pichel,1051.84
Shawn Jordan,1051.76
Jussier Formiga,1051.14
Casey O'Neill,1050.9
Max Griffin,1050.89
Roman Kopylov,1050.32
Laverne Clark,1050.25
Thiago Tavares,1049.79
Nate Landwehr,1049.73
Tito Ortiz,1049.33
David Onama,1049.27
Francis Carmont,1049.06
Frank Mir,1049.02
Alex Perez,1048.64
Kyung Ho Kang,1048.63
Mike Malott,1048.61
Sergio Moraes,1048.52
Myktybek Orolbai,1048.37
Askar Askarov,1048.06
Jared Gordon,1048
Kurt Pellegrino,1047.94
Joshua Van,1047.94
Lorenz Larkin,1047.69
Gabriel Bonfim,1047.52
Esteban Ribovics,1047.4
Alexander Gustafsson,1047.34
John Moraga,1047.26
Ilir Latifi,1047.21
Claudia Gadelha,1046.84
Vinicius Oliveira,1046.66
Jon Madsen,1046.58
Stephan Bonnar,1046.49
Ray Borg,1046.32
Dean Lister,1046.3
Brady Hiestand,1046.02
Uros Medic,1045.97
Pat Sabatini,1045.97
Bryan Caraway,1045.77
Philipe Lins,1045.6
Casey Kenney,1045.53
Bas Rutten,1045.44
Ben Rothwell,1045.37
Sean Pierson,1045.33
Brunno Ferreira,1045.24
Raoni Barcelos,1045.18
Johnny Walker,1045.07
Nora Cornolle,1045
Adlan Amagov,1044.86
Julian Erosa,1044.68
Iasmin Lucindo,1044.62
Joel Sutton,1044.48
Nazim Sadykhov,1044.36
Andre Fili,1044.28
Aaron Simpson,1044.19
Carlston Harris,1044.06
Hyder Amil,1043.45
Jhonata Diniz,1043.32
Kevin Jousset,1043.3
Phillip Miller,1043.18
Chris Padilla,1043.15
Alberto Mina,1043.09
Enrique Barzola,1043.01
Michael Graves,1042.93
Julio Arce,1042.81
Jonathan Pearce,1042.72
Marco Ruas,1042.68
Joe Solecki,1042.59
Chris Holdsworth,1042.54
Mateusz Rebecki,1042.43
Luana Carolina,1042.18
Abel Trujillo,1042.16
Jesus Aguilar,1041.8
Danny Barlow,1041.7
Don Madge,1041.68
Brock Lesnar,1041.67
Charlie Campbell,1041.57
Edimilson Souza,1041.48
Dan Henderson,1041.42
HyunSung Park,1041.42
Jeremiah Wells,1041.4
Trey Waters,1041.25
Desmond Green,1041.15
Rodrigo Nascimento,1041.1
Christian Rodriguez,1041.07
Jake Shields,1041.06
Claude Patrick,1040.92
Gerald Harris,1040.88
Krzysztof Soszynski,1040.71
Manuel Torres,1040.65
Tainara Lisboa,1040.5
Constantinos Philippou,1040.39
Alex Hunter,1040.15
Muhammad Naimov,1039.92
Bruno Silva,1039.81
Ovince Saint Preux,1039.72
Darren Till,1039.7
Antonio Carlos Junior,1039.57
Melvin Guillard,1039.42
Tom Breese,1039.3
Makhmud Muradov,1039.09
Viscardi Andrade,1039.07
Luis Pena,1039.05
Loopy Godinez,1039.03
Paul Daley,1038.92
Josefine Knutsson,1038.85
Luana Santos,1038.7
Travis Browne,1038.25
Claudio Puelles,1038.08
Oban Elliott,1038.02
Mark Madsen,1038.01
Javid Basharat,1037.99
Jacqueline Cavalcanti,1037.69
Matt Frevola,1037.57
Gray Maynard,1037.46
George Sotiropoulos,1037.41
Manel Kape,1037.3
Arjan Bhullar,1037.23
Ronaldo Rodriguez,1037.21
Youssef Zalal,1037.2
Marcus Davis,1037.03
Albert Tumenov,1036.88
Cezar Ferreira,1036.77
Themba Gorimbo,1036.76
Josh Koscheck,1036.73
Diego Brandao,1036.71
Magnus Cedenblad,1036.26
Vladimir Matyushenko,1036.13
Thiago Moises,1036.12
Olivier Aubin-Mercier,1036.06
Paul Craig,1036.06
Taila Santos,1035.89
Zubaira Tukhugov,1035.68
Ricardo Almeida,1035.24
Billy Quarantillo,1035.21
Patrick Cote,1035.11
Hakeem Dawodu,1035.09
Jordan Mein,1034.99
Iuri Alcantara,1034.96
Jeremy Kennedy,1034.96
Melsik Baghdasaryan,1034.77
Ikram Aliskerov,1034.7
Norman Parke,1034.61
Wilson Gouveia,1034.5
Jack Jenkins,1034.36
Charles Johnson,1034.18
Brian Ebersole,1034.14
Joe Lauzon,1034.12
Claudio Silva,1034.12
Dennis Bermudez,1034.05
JJ Aldrich,1034.05
David Terrell,1033.88
Nicolae Negumereanu,1033.59
Ailin Perez,1033.5
Davi Ramos,1033.29
Jorge Rivera,1032.93
Jacob Volkmann,1032.82
Holly Holm,1032.79
Rafa Garcia,1032.7
Ali Bagautinov,1032.33
Niko Price,1032.17
Jeff Monson,1032.09
Vanessa Demopoulos,1031.75
Maurice Smith,1031.65
Miesha Tate,1031.63
Ryan Spann,1031.51
Mike Russow,1031.42
Ricardo Ramos,1031.36
Ramazan Emeev,1031.31
Johnny Case,1031.3
Ken Shamrock,1031.2
Daniel Kelly,1031.08
Karl Williams,1031.05
Evan Dunham,1030.07
Tim Kennedy,1030.04
Nursulton Ruziboev,1029.94
Cody Durden,1029.69
Gleison Tibau,1029.68
Tecia Pennington,1029.54
Mark Coleman,1029.48
John Castaneda,1029.22
Curtis Millender,1028.64
Carlos Condit,1028.5
Sergey Khandozhko,1028.48
Bogdan Guskov,1028.43
Denise Gomes,1028.41
Drew Fickett,1028.37
Douglas Silva de Andrade,1028.36
Nina Nunes,1028.33
Hermes Franca,1028.21
Jacob Malkoun,1027.97
Cathal Pendred,1027.65
Felipe Lima,1027.4
Jafel Filho,1027.34
Shamil Gaziev,1027.33
Adriano Martins,1027.24
Ismael Bonfim,1027.22
Daniel Santos,1027.21
Lucas Martins,1027.13
Mayra Bueno Silva,1027.06
Kevin Randleman,1026.96
Dooho Choi,1026.91
Kayla Harrison,1026.91
Damon Jackson,1026.89
CB Dollaway,1026.85
Song Kenan,1026.77
Khalid Murtazaliev,1026.5
Michael Chandler,1026.44
Magomed Mustafaev,1026.39
Allan Nascimento,1026.35
Dustin Jacoby,1026.26
John Makdessi,1026.17
Mirsad Bektic,1025.87
Sanae Kikuta,1025.84
Melissa Gatto,1025.74
Isaac Dulgarian,1025.74
Sara McMann,1025.73
Tom Lawlor,1025.64
Christian Leroy Duncan,1025.47
Saidyokub Kakhramonov,1025.43
Che Mills,1025.17
Todd Duffee,1025.13
Mark Hunt,1025.12
Paul Sass,1025.09
Steve Erceg,1024.83
Ikuhisa Minowa,1024.63
Genki Sudo,1024.57
Mark Schultz,1024.52
Lee Murray,1024.41
Brendan Schaub,1024.33
Viviane Araujo,1024.3
Dmitry Sosnovskiy,1024.23
Jennifer Maia,1024.17
Brian Foster,1024.1
Nick Diaz,1023.98
Jonny Parsons,1023.97
Karolina Kowalkiewicz,1023.95
Fernando Padilla,1023.91
Ketlen Souza,1023.83
Thiago Alves,1023.8
Aspen Ladd,1023.76
Maiquel Falcao,1023.67
Mauricio Ruffy,1023.61
Kenichi Yamamoto,1023.56
Remco Pardoel,1023.48
Mark Hall,1023.47
Trey Ogden,1023.47
Matt Serra,1023.31
Jean Matsumoto,1023.17
Gerard Gordeau,1023
Frank Hamaker,1023
Jon Hess,1023
Onassis Parungao,1023
Rafael Carino,1023
Justin Martin,1023
Enson Inoue,1023
Kazushi Sakuraba,1023
Cesar Marscucci,1023
Tulio Palhares,1023
Sione Latu,1023
Marcelo Mello,1023
Scott Adams,1023
Bob Cook,1023
Jonathan Wiezorek,1023
Tom Murphy,1023
Aliaskhab Khizriev,1023
Zhang Mingyang,1023
Oumar Sy,1023
Mairon Santos,1023
Ryan Loder,1023
Nathan Fletcher,1023
Timur Valiev,1022.94
Mikey Burnett,1022.77
Kajan Johnson,1022.71
Nordine Taleb,1022.7
Yanal Ashmouz,1022.59
Caio Magalhaes,1022.48
Juan Espino,1022.22
Rodolfo Bellato,1022.08
Davey Grant,1022.07
Ed Herman,1022.05
Steve Nelmark,1021.88
Ebenezer Fontes Braga,1021.68
Chad Laprise,1021.68
Clayton Carpenter,1021.65
Tim Boetsch,1021.61
Elves Brener,1021.59
Steve Bosse,1021.49
Danny Silva,1021.43
Steve Jennum,1021.39
Ariane Carnelossi,1021.39
Sam Patterson,1021.37
Scott Ferrozzo,1021.3
Leslie Smith,1021.26
Daniel Zellhuber,1021.26
Javier Vazquez,1021.25
Daria Zhelezniakova,1021.22
Stephanie Luciano,1021.15
Timothy Johnson,1021.06
Aleksei Oleinik,1021
Tim Credeur,1020.95
Brian Stann,1020.81
Tom Duquesnoy,1020.61
Felicia Spencer,1020.59
Wang Guan,1020.57
Ronnie Lawrence,1020.41
Johnny Rhodes,1020.25
Wang Cong,1020.24
Abdul-Kerim Edilov,1020.16
Wilson Reis,1020.05
Zachary Reese,1020.03
Yoshiki Takahashi,1020
Ben Earwood,1020
Mark Hughes,1020
Logan Clark,1020
Lyman Good,1020
Ramon Taveras,1020
Bolaji Oki,1020
Victor Hugo,1020
ChangHo Lee,1020
Carlos Felipe,1019.95
Rei Tsuruya,1019.76
Ian Freeman,1019.74
Wanderlei Silva,1019.66
Mike Kyle,1019.54
Ariane da Silva,1019.52
Nurullo Aliev,1019.4
Montana De La Rosa,1019.39
Aisling Daly,1019.36
Alexis Davis,1019.31
Kennedy Nzechukwu,1019.22
Ibo Aslan,1019.18
Rafael Estevam,1019.01
MarQuel Mederos,1018.99
Puja Tomar,1018.85
Veronica Hardy,1018.82
Tim Means,1018.81
Tyrone Roberts,1018.78
Phil Rowe,1018.77
Jamal Pogues,1018.68
Magomed Gadzhiyasulov,1018.68
Jordan Leavitt,1018.63
Andre Roberts,1018.44
Adam Wieczorek,1018.34
Ron Waterman,1018.16
Armen Petrosyan,1018.13
Rafael Natal,1017.94
Tyson Griffin,1017.93
Megan Anderson,1017.65
Robert Peralta,1017.51
Sergey Morozov,1017.45
Soa Palelei,1017.37
Din Thomas,1017.35
Mizuki,1017.18
Josh Samman,1017.06
Marlon Moraes,1017.05
Edmen Shahbazyan,1017.04
Joanne Wood,1016.84
Chris Duncan,1016.78
Augusto Sakai,1016.69
Tom Nolan,1016.69
Tai Tuivasa,1016.62
Scott Holtzman,1016.61
Luis Saldana,1016.39
Cameron Saaiman,1016.38
Tyson Pedro,1016.36
Cody Stamann,1016.32
Rogerio Nogueira,1015.98
Kiichi Kunimoto,1015.88
Aleksei Kunchenko,1015.82
Da Woon Jung,1015.78
Michael Trizano,1015.77
Gavin Tucker,1015.58
Charles Radtke,1015.57
Paddy Holohan,1015.36
Siyar Bahadurzada,1015.16
Takeya Mizugaki,1014.9
Terry Etim,1014.89
Joaquim Silva,1014.89
Ben Nguyen,1014.8
Josiane Nunes,1014.77
Mauricio Rua,1014.62
Royston Wee,1014.6
Cory McKenna,1014.58
JeongYeong Lee,1014.27
Tim Elliott,1014.18
Rich Attonito,1014.14
Bea Malecki,1014.07
Manny Bermudez,1013.41
Matt Wiman,1013.39
Elias Silverio,1013.34
Brad Riddell,1013.33
Angela Hill,1013.25
Paige VanZant,1013.14
Paul Kelly,1012.77
Roy Nelson,1012.63
Michael Page,1012.55
Gabriel Gonzaga,1012.35
Terrance McKinney,1012.32
Mohammed Usman,1012.12
Eryk Anders,1012.1
Tatsuya Kawajiri,1011.93
Brad Blackburn,1011.76
Jake O'Brien,1011.67
Justin Tafa,1011.37
Chris Daukaus,1011.36
Liz Carmouche,1011.1
Brad Katona,1011.01
Julia Avila,1010.91
Viktoriia Dudakova,1010.91
Ronny Markes,1010.78
Abus Magomedov,1010.36
Steven Siler,1009.84
Alex Garcia,1009.72
Ildemar Alcantara,1009.47
Cung Le,1009.43
Mike Perry,1009.32
Sedriques Dumas,1009.19
Keith Hackney,1009.17
Alessandro Costa,1008.78
Falaniko Vitale,1008.52
Andrei Arlovski,1008.43
Diego Nunes,1008.22
Marcio Cruz,1008.17
Ismail Naurdiev,1008.05
Amir Sadollah,1008.02
Jimi Manuwa,1007.91
Nate Marquardt,1007.88
Dennis Hallman,1007.78
Gary Goodridge,1007.44
Marc Diakiese,1007.31
Yazmin Jauregui,1007.21
Yana Santos,1006.94
Bassil Hafez,1006.9
Gan McGee,1006.73
Nikolas Motta,1006.39
Modestas Bukauskas,1006.35
Rich Clementi,1006.1
Kendall Grove,1006.08
Antonio Carvalho,1006.06
Alan Patrick,1005.68
Jutaro Nakao,1005.5
Clint Hester,1005.11
Antoni Hardonk,1005.05
Luana Pinheiro,1005
Stefan Struve,1004.95
Paul Buentello,1004.81
Melquizael Costa,1004.76
Jose Quinonez,1004.71
Dan Christison,1004.63
Jake Hadley,1004.55
Chris Barnett,1004.52
Jason Saggo,1004.49
Michael Johnson,1004.4
Mike Wilkinson,1004.33
Chance Rencountre,1004.33
Brandon Vera,1004.32
Morgan Charriere,1004.28
Viacheslav Borshchev,1004.27
TJ Waldburger,1004.08
Jimmy Crute,1003.93
Josh Thomson,1003.86
Tony Kelley,1003.78
Chris Cariaso,1003.6
Rony Jason,1003.58
Erik Koch,1003.5
Lavar Johnson,1003.5
Joe Charles,1003.47
Irina Alekseeva,1003.45
Cesar Almeida,1003.45
Jarjis Danho,1003.35
Chelsea Chandler,1003.26
Thomas Petersen,1003.08
Dave Beneteau,1003.05
Ryan Janes,1002.97
Brian Melancon,1002.96
Geza Kalman,1002.94
Bruna Brasil,1002.81
Dwayne Cason,1002.74
Buddy Roberts,1002.7
Michal Oleksiejczuk,1002.7
Bill Algeo,1002.69
Adam Fugitt,1002.64
Amaury Bitetti,1002.57
Tomasz Drwal,1002.55
Guram Kutateladze,1002.47
Clay Guida,1002.44
Dione Barbosa,1002.35
Sultan Aliev,1002.28
Kaue Fernandes,1002.27
Shinsho Anzai,1002.09
Robelis Despaigne,1002.08
Zak Ottow,1002.07
Mike van Arsdale,1002.06
Ben Askren,1002.03
Troy Mandaloniz,1001.76
Abdul Razak Alhassan,1001.73
Molly McCann,1001.69
Brianna Fortino,1001.59
Nick Ring,1001.54
Tai Bowden,1001.52
Lance Gibson,1001.42
Trevin Giles,1001.4
Billy Ray Goff,1001.38
Tanner Boser,1001.35
Joe Moreira,1001.32
Nick Sanzo,1001.24
John Lewis,1001.24
Junie Browning,1001.07
Jesus Pinedo,1001.05
Cheyanne Vlismas,1001.05
Jose Torres,1001.04
Lucas Almeida,1001.02
Dan Cramer,1001.01
Eddie Yagin,1000.93
Lance Benoist,1000.92
Nicco Montano,1000.85
Galore Bofando,1000.73
Semmy Schilt,1000.62
Joe Stevenson,1000.56
Eduarda Moura,1000.52
Guangyou Ning,1000.49
Alexander Hernandez,1000.48
Wesley Correira,1000.42
Valter Walker,1000.37
Travis Fulton,1000.3
Ricardo Abreu,1000.29
Waylon Lowe,1000.24
Tedd Williams,1000.23
James Wilks,1000.23
Patrick Walsh,1000.17
Jack Nilson,1000.1
Brad Kohler,1000.1
Sai Wang,1000.07
Mitch Gagnon,1000.05
Charles Jourdain,1000.05
Antonina Shevchenko,1000.04
Orlando Wiet,1000
Todd Medina,1000
Steven Graham,1000
Alfonso Alcarez,1000
CJ Fernandes,1000
Mark Robinson,1000
Ron Faircloth,1000
Anthony Torres,1000
Roman Mitichyan,1000
Nate Loughran,1000
Mackens Semerzier,1000
Pedro Nobre,1000
Robert Drysdale,1000
DeAnna Bennett,1000
Hamdy Abdelwahab,1000
Joe Slick,999.98
Montserrat Rendon,999.96
Kyle Nelson,999.9
Nick Thompson,999.86
Kenny Robertson,999.86
Hunter Azure,999.84
Shauna Bannon,999.84
Kevin Jackson,999.83
Joe Duffy,999.82
Jonathan Meunier,999.82
Miguel Torres,999.76
Keith Rockel,999.75
Katsuhisa Fujii,999.71
Jason DeLucia,999.7
Chris Clements,999.7
Luke Barnatt,999.53
Matthew Semelsberger,999.53
Levan Makashvili,999.51
Abubakar Nurmagomedov,999.43
Tony Gravely,999.38
Viviane Pereira,999.37
Gabriel Miranda,999.36
Dan Bobish,999.3
Evan Elder,999.29
Hector Sandoval,999.28
Chad Anheliger,999.2
Justin McCully,999.18
Loik Radzhabov,999.18
Sirwan Kakai,999.17
Ivana Petrovic,999.15
Diego Rivas,999.11
Sam Hughes,999.08
Chris Kelades,999.06
Albert Duraev,999.05
Nah-Shon Burrell,998.99
Mirko Filipovic,998.96
Mike Nickels,998.93
Erick Silva,998.93
Tony Fryklund,998.91
Talita Alencar,998.85
Andrei Semenov,998.8
Pascal Krauss,998.7
Ange Loosa,998.69
Mike Ciesnolevicz,998.67
Fredy Serrano,998.62
Scott Morris,998.58
Nick Denis,998.58
Scott Bessac,998.52
Tereza Bleda,998.49
Roberto Traven,998.48
War Machine,998.48
Anying Wang,998.48
Melissa Mullins,998.47
Benji Radach,998.44
Mounir Lazzez,998.42
Dustin Hazelett,998.25
Ian Heinisch,998.18
Garrett Armfield,998.1
Paul Jones,998.02
Antonio Rodrigo Nogueira,998.01
John Gunther,998
Yancy Medeiros,997.94
Maheshate,997.91
Danny Castillo,997.73
Naoki Inoue,997.72
Jarred Brooks,997.63
Francis Marshall,997.61
CJ Vergara,997.6
Darren Uyenoyama,997.47
Chidi Njokuani,997.43
Ken Stone,997.4
Gokhan Saki,997.37
Shamil Gamzatov,997.31
David Dvorak,997.29
Jamey-Lyn Horth,997.29
Cole Miller,997.17
Jesse Taylor,997.15
Jimy Hettes,997.15
Igor Araujo,997.05
Sijara Eubanks,997.01
Kyle Watson,996.92
Mike Pyle,996.9
Danny Henry,996.83
Brock Larson,996.78
Nick Catone,996.77
Azat Maksum,996.64
Nick Maximov,996.62
Eddie Sanchez,996.61
Trevor Prangley,996.56
Benito Lopez,996.54
Sam Adkins,996.52
Paul Varelans,996.34
Shane Nelson,996.21
BJ Penn,996.14
Nad Narimani,996.14
Tsuyoshi Kohsaka,996.12
Luke Jumeau,996.12
Roan Carneiro,996.04
Punahele Soriano,996.04
Kevin Ferguson,995.9
Alex Oliveira,995.81
Dave Strasser,995.68
Pablo Garza,995.68
Joe Ellenberger,995.68
Spencer Fisher,995.67
Nicholas Musoke,995.67
Impa Kasanganay,995.53
Zhang Lipeng,995.52
Francisco Figueiredo,995.48
Rory Singer,995.43
Natan Levy,995.43
Leah Letson,995.41
Ottman Azaitar,995.36
Pingyuan Liu,995.14
Gaston Bolanos,995
Eliot Marshall,994.87
Mana Martinez,994.78
Noad Lahat,994.72
Godofredo Pepey,994.65
David Branch,994.61
Anshul Jubli,994.54
Bryan Barberena,994.38
Mark Godbeer,994.35
Carlos Newton,994.31
Piera Rodriguez,994.31
Shonie Carter,994.24
Jai Herbert,994.21
Jordan Rinaldi,993.92
Dongi Yang,993.73
Ricky Turcios,993.73
Joselyne Edwards,993.48
Damir Hadzovic,993.18
Roland Delorme,993.09
Tiago dos Santos e Silva,993.03
Valerie Letourneau,992.98
Ivan Jorge,992.93
Maryna Moroz,992.83
Da'Mon Blackshear,992.58
Fabio Maldonado,992.5
Rob Emerson,992.34
Thomas Almeida,992.24
Blagoy Ivanov,992.12
Don'Tale Mayes,992.04
Ramsey Nijem,991.95
Aleksandra Albu,991.93
Marcelo Guimaraes,991.89
Joe Proctor,991.66
Reza Madadi,991.62
Akira Corassani,991.58
Roosevelt Roberts,991.29
Bartosz Fabinski,991.25
Devonte Smith,991.15
Cat Zingano,990.9
Francimar Barroso,990.88
Danny Roberts,990.73
Brian Bowles,990.6
Jason Lambert,990.55
Hugo Viana,990.5
Muin Gafurov,990.43
Ian McCall,990.39
Makwan Amirkhani,990.38
Akihiro Gono,990.21
David Loiseau,990.01
Tony DeSouza,989.92
Leandro Silva,989.92
Jeremy Stephens,989.63
Danilo Marques,989.35
Jason High,989.23
Maurice Greene,989.06
Yuta Sasaki,989.05
Luigi Fioravanti,989.04
Paul Taylor,989
Mickey Gall,988.85
Chris Leben,988.79
Jeremy Horn,988.68
Jason Knight,988.65
Raulian Paiva,988.62
Tarec Saffiedine,988.6
Vitor Miranda,988.06
Andrew Sanchez,987.96
John Howard,987.95
Cody Brundage,987.91
Peter Sobotta,987.65
Jonathan Goulet,987.53
Francisco Prado,987.41
Sumudaerji,987.3
Leandro Issa,987.29
Jon Tuck,986.91
Preston Parsons,986.84
Ron van Clief,986.82
Roman Bogatov,986.74
Shayilan Nuerdanbieke,986.61
Fabiano Iha,986.57
Frankie Saenz,986.57
Renzo Gracie,986.35
Tamdan McCrory,986.26
Ryan Jimmo,986.18
Jake Rosholt,986.15
Maxim Grishin,986.14
Glaico Franca Moreira,986.06
Kyle Noke,985.95
Livinha Souza,985.94
Daniel Roberts,985.73
Marco Beltran,985.71
John Cholish,985.63
Warlley Alves,985.61
Jamie Mullarkey,985.57
Quang Le,985.51
James Toney,985.48
Zach Makovsky,985.4
Gabe Green,985.31
Pannie Kianzad,985.26
Maximo Blanco,985.25
Vernon White,985.2
Bekzat Almakhan,985.2
Felipe dos Santos,985.09
Cyrille Diabate,985.03
Mickael Lebout,984.93
Neil Seery,984.92
Austin Hubbard,984.91
Carlos Eduardo Rocha,984.89
Felice Herrig,984.81
Augusto Mendes,984.77
Chris Haseman,984.7
Stephanie Egger,984.66
Kron Gracie,984.64
Cynthia Calvillo,984.61
Tristan Connelly,984.57
Marc-Andre Barriault,984.55
Greg Hardy,984.48
Alexander Munoz,984.45
Jeff Joslin,984.41
Yoshiyuki Yoshida,984.41
Aoriqileng,984.39
Jason Day,984.34
Daniel Omielanczuk,984.33
Rob Broughton,984.3
Parker Porter,984.28
Jose Johnson,984.28
Irwin Rivera,984.26
John Maguire,984.25
Bojan Velickovic,984.23
Curt Warburton,984.21
Gil Castillo,984.18
Tresean Gore,984.18
Nick Osipczak,984.1
Felipe Arantes,984.07
Jamall Emmers,983.99
KJ Noons,983.98
Josh Culibao,983.92
Heath Herring,983.88
Mike Ricci,983.83
Bruno Santos,983.77
Riki Fukuda,983.76
Gustavo Lopez,983.73
James Te Huna,983.72
Robert Whiteford,983.65
Masanori Kanehara,983.63
Edgar Chairez,983.62
Klidson Abreu,983.61
Antonio Braga Neto,983.55
Jorge Patino,983.53
Keith Jardine,983.49
Shamil Abdurakhimov,983.48
Tony Sims,983.46
Gabriel Santos,983.39
Renan Barao,983.37
Westin Wilson,983.21
Steve Bruno,983.16
Marco Polo Reyes,983.13
Phil Hawes,983.13
Tae Hyun Bang,983.09
Denis Kang,982.89
Valmir Lazaro,982.84
Renato Verissimo,982.83
Kalib Starnes,982.8
Greg Soto,982.72
Mads Burnell,982.63
Michinori Tanaka,982.59
Ramiz Brahimaj,982.58
Luke Cummo,982.57
Fatima Kline,982.48
Marcus Brimage,982.46
Miguel Baeza,982.4
Robert McDaniel,982.39
Azunna Anyanwu,982.39
Walt Harris,982.38
Chris Gruetzemacher,982.38
Daron Cruickshank,982.3
Carlos Vera,982.25
Nick Hein,982.21
Caolan Loughran,982.19
Gabriella Fernandes,982.15
Andre Pederneiras,982.11
Jess Liaudin,982
John Gunderson,982
Yuki Kondo,981.94
Sheymon Moraes,981.94
Spike Carlyle,981.94
Daichi Abe,981.85
Julian Sanchez,981.83
Nick Pace,981.83
Tom Gallicchio,981.79
Matt Veach,981.73
Cindy Dandois,981.7
Jonathan Brookins,981.63
Jake Hecht,981.54
Minoki Ichihara,981.51
Kimo Leopoldo,981.5
Mason Jones,981.41
John Lober,981.39
Yuki Sasaki,981.39
Joao Roque,981.32
John Marsh,981.32
Mike Whitehead,981.32
Josh Shockman,981.32
Nikolay Veretennikov,981.32
Charles McCarthy,981.31
Luiz Cane,981.29
Danyelle Wolf,981.25
Ravena Oliveira,981.25
Ivan Menjivar,981.18
Adrian Serrano,981.15
Mitch Raposo,981.15
Julia Polastri,981.15
Joe Soto,981.14
Zviad Lazishvili,981.12
Rameau Thierry Sokoudjou,981.08
Batgerel Danaa,981.06
Caros Fodor,980.97
Luan Chagas,980.94
Matt Schnell,980.94
Adam Yandiev,980.94
Josh Hendricks,980.81
Rory Markham,980.79
Dan Miller,980.79
Alexandre Barros,980.78
Sam Hoger,980.76
Junior Assuncao,980.75
Ivan Salaverry,980.6
Chico Camus,980.56
Eddie Ruiz,980.52
Marcel Fortuna,980.48
Antonio McKee,980.43
Hyun Gyu Lim,980.39
Shannon Gugerty,980.37
Joe Merritt,980.36
Lara Procopio,980.23
Cristian Quinonez,980.2
Anthony Macias,980.18
David Bielkheden,980.18
Carlo Prater,980.16
Jeff Hougland,980.15
Katsunori Kikuno,980.15
Paul Creighton,980.09
Jason Brilz,980.07
Melinda Fabian,980.06
Heather Clark,980.01
Fabio Gurgel,980
Wallid Ismail,980
Noe Hernandez,980
Allan Goes,980
Brad Gumm,980
Alex Stiebling,980
Nick Serra,980
James Zikic,980
Richard Crunkilton,980
Romie Aram,980
Bobby Southworth,980
Steve Byrnes,980
Dan Barrera,980
Dante Rivera,980
Justin Wren,980
James Hammortree,980
Mark Scanlon,980
Sako Chivitchian,980
Tyler Toner,980
Antonio Banuelos,980
Ryan McGillivray,980
Chuck O'Neil,980
Stephen Bass,980
Chris Tickle,980
John Teixeira,980
Brendan Loughnane,980
Jon Manley,980
Chris Spang,980
Collin Hart,980
Roger Gracie,980
Peggy Morgan,980
Dave Galera,980
Keith Berish,980
Daniel Spohn,980
Tina Lahdemaki,980
Jianping Yang,980
Rodolfo Rubio Perez,980
Alex Torres,980
Rocky Lee,980
Nazareno Malegarie,980
Abner Lloveras,980
Marcin Wrzosek,980
Cory Hendricks,980
James Mulheron,980
Tyler Diamond,980
Allan Zuniga,980
Jay Cucciniello,980
Joe Giannetti,980
Alex Gorgees,980
Hailey Cowan,980
Serhiy Sidey,980
Igor Severino,980
Pedro Falcao,980
Ernesta Kareckaite,980
Xiao Long,980
Jose Daniel Medina,980
Willamy Freire,979.96
Greg Stott,979.93
Cole Smith,979.91
Satoshi Honma,979.89
Homer Moore,979.88
Daniel Pineda,979.87
James Head,979.86
Mike Easton,979.85
Dustin Kimura,979.85
Steve Vigneault,979.83
AJ Cunningham,979.83
Carlos Mota,979.79
Rex Holman,979.75
Alexandre Ferreira,979.71
Yves Jabouin,979.68
Niklas Backstrom,979.66
Henry Martinez,979.6
Hayato Sakurai,979.58
Eduardo Garagorri,979.58
Trevor Peek,979.58
Simeon Thoresen,979.48
Dan Argueta,979.46
Augusto Montano,979.41
Joseph Morales,979.39
Liliya Shakirova,979.38
Gilbert Urbina,979.32
Felipe Bunes,979.31
Mitch Ramirez,979.31
Ian Entwistle,979.3
Roger Narvaez,979.27
Lewis Gonzalez,979.18
Rudyard Moncayo,979.12
John Salter,979.08
Hector Urbina,979.05
Mike Wessel,979.04
Emily Ducote,979.03
Brandon Melendez,979
Maciej Jewtuszko,979
Nissen Osterneck,978.99
Angel Pacheco,978.98
Carlos Barreto,978.97
Danielle Taylor,978.95
Cal Worsham,978.94
Alex Andrade,978.94
Jordan Vucenic,978.93
Nick Agallar,978.89
Khusein Askhabov,978.87
Yuri Vaulin,978.86
Milton Vieira,978.85
Jimmy Flick,978.83
Ryan Parker,978.79
Hugo Duarte,978.78
Sheldon Westcott,978.78
Guilherme Vasconcelos,978.77
Alice Ardelean,978.77
Andrew Craig,978.76
Austin Springer,978.76
Chris Brennan,978.72
Igor Zinoviev,978.72
Askar Mozharov,978.7
Matt Lucas,978.68
Dean Barry,978.68
Bibulatov Magomed,978.66
Per Eklund,978.65
Toshiomi Kazama,978.65
Melton Bowen,978.62
Jim Mullen,978.61
Neil Wain,978.61
Matt Arroyo,978.57
Ben Alloway,978.57
Robert Sanchez,978.57
Rogerio Bontorin,978.55
Danny Chavez,978.55
Antonio Trocoli,978.53
Scott Baker,978.52
Fred Ettish,978.52
Marcus Bossett,978.52
Joe Son,978.52
John Dowdy,978.52
Frank Caracci,978.52
Brian Gassaway,978.52
CM Punk,978.52
Jesse Bongfeldt,978.51
Melissa Martinez,978.51
Reginaldo Vieira,978.5
Rolando Delgado,978.46
Keiichiro Yamamiya,978.42
Rob MacDonald,978.42
Koji Kitao,978.41
Nathan Coy,978.41
Shamar Bailey,978.4
Jared Gooden,978.39
Martin Sano,978.39
Anton Kuivanen,978.36
Victor Altamirano,978.34
Stewart Nicoll,978.33
Rainy Martinez,978.32
Paul Rodriguez,978.32
Bill Mahood,978.32
Chris Camozzi,978.28
Marcelo Aguiar,978.24
Christian Wellisch,978.17
Yoshinori Horie,978.16
Juliana Lima,978.11
Christian Aguilera,978.09
Drew McFedries,978.06
Sarah Kaufman,978.06
Allen Crowder,978.06
Adam Milstead,978.02
Jason Von Flue,977.94
Robert Bryczek,977.94
Pete Rodriguez,977.93
Ben Sosoli,977.85
Isabela de Padua,977.83
Phil Johns,977.82
Carlo Pedersoli Jr.,977.78
Kamuela Kirk,977.72
Carli Judice,977.7
Ian Loveland,977.68
Geraldo de Freitas,977.66
Cody McKenzie,977.65
Yan Cabral,977.65
Steven Nguyen,977.65
Nick Roehrick,977.61
Seth Baczynski,977.58
Hacran Dias,977.45
Jesse Lennox,977.39
Tyson Nam,977.38
Reza Nasri,977.36
Brian Cobb,977.3
Rodrigo Damm,977.3
Pawel Pawlak,977.3
Matt Hobar,977.28
Joe Jordan,977.26
Kit Cope,977.2
Francisco Trevino,977.18
Ryan Roberts,977.13
Jerrod Sanders,977.11
Branden Lee Hinkle,977.1
Derrick Noble,977.1
Cyril Asker,977.09
Jesse Sanders,977.08
Floyd Sword,977.07
Felipe Silva,977.06
Luis Pajuelo,977.06
Kelly Dullanty,977.05
Will Chope,977.05
Dale Hartt,977.04
Pete Spratt,977.03
Andre Ewell,977.03
Austin Lingo,977.03
Teila Tuli,977
Kevin Rosier,977
Art Jimmerson,977
Sean Daugherty,977
David Levicki,977
Thaddeus Luster,977
Robert Lucarelli,977
Alberta Cerra Leon,977
Emmanuel Yarborough,977
Roland Payne,977
Eldo Xavier Dias,977
Jason Fairn,977
Asbel Cancio,977
Andy Anderson,977
Ernie Verdicia,977
Jack McGlaughlin,977
John Matua,977
Francesco Maturi,977
David Hood,977
Gerry Harris,977
Keith Mielke,977
Thomas Ramirez,977
Paul Herrera,977
Matt Andersen,977
Scott Fiedler,977
Dave Berry,977
Jackie Lee,977
Eric Martin,977
Wes Albritton,977
Dmitri Stepanov,977
Tony Halme,977
Donnie Chappell,977
Todd Butler,977
Houston Dorr,977
Marcus Silveira,977
Josh Stuart,977
Courtney Turner,977
Eugenio Tadeu,977
Bob Gilstrap,977
Joe Pardo,977
Paulo Santos,977
Adriano Santos,977
Darrel Gholar,977
Joey Roberts,977
Chris Condo,977
David Roberts,977
Flavio Luiz Moura,977
Lowell Anderson,977
Masutatsu Yano,977
David Velasquez,977
Jermaine Andre,977
Aaron Brink,977
Joey Gilbert,977
Rodrigo Ruas,977
Zach Light,977
Leigh Remedios,977
Gerald Strebendt,977
Wade Shipp,977
Josh Rafferty,977
Alex Schoenauer,977
Lodune Sincaid,977
Chris Sanford,977
Jason Thacker,977
Keigo Kunihara,977
Sean Gannon,977
Kerry Schall,977
Icho Larenas,977
Kristof Midoux,977
Cory Walmsley,977
Mario Neto,977
Justin James,977
Sherman Pendergarst,977
Andy Wang,977
Dorian Price,977
John Kolosci,977
Richie Hightower,977
Billy Miles,977
Jared Rollins,977
James Giboo,977
Cale Yarbrough,977
David Baron,977
John Polakowski,977
Jules Bruchez,977
Shane Primm,977
Tom Egan,977
Derek Downey,977
Neil Grove,977
Tim McKenzie,977
Frank Lester,977
Danillo Villefort,977
Darrill Schoonover,977
Marcus Jones,977
Rolles Gracie,977
Josh Bryant,977
Jamie Yager,977
Vinicius Queiroz,977
Fredson Paixao,977
Aaron Wilkinson,977
Dustin Neace,977
Chris Saunders,977
Marcos Vinicius,977
Wagner Campos,977
Delson Heleno,977
Anistavio Medeiros,977
Manuel Rodriguez,977
Adam Cella,977
Jimmy Quinlan,977
Gilbert Smith,977
Nandor Guelmino,977
Albert Cheng,977
Mike King,977
Humberto Brown Morrison,977
Bentley Syler,977
Izabela Badurek,977
Bruno Korea,977
Vernon Ramos Ho,977
Martin Svensson,977
Bharat Kandare,977
Ariel Beck,977
Karine Gevorgyan,977
Christina Marks,977
Maia Stevenson,977
Richie Smullen,977
Michel Batista,977
Justin Frazier,977
Duda Santana,977
Steven Koslow,977
SeungGuk Choi,977
Manolo Zecchini,977
Benardo Sopaj,977
Tuco Tokkos,977
Kaan Ofli,977
Robert Valentin,977
Zygimantas Ramaska,977
Issei Tamura,976.98
Callan Potter,976.96
Stevie Lynch,976.95
John Campetella,976.9
Scott Junk,976.9
Jeff Newton,976.85
Ryan Madigan,976.85
Aaron Rosa,976.85
Luke Zachrich,976.85
Sean McCorkle,976.82
Abdul-Kareem Al-Selwady,976.8
Rick Davis,976.79
Ernest Chavez,976.71
Mark Weir,976.59
Jamie Moyle,976.56
Tamires Vidal,976.53
Sung Bin Jo,976.46
Ron Stallings,976.41
Jim Alers,976.29
Misha Cirkunov,976.21
Kanako Murata,976.18
Blake Bilder,976.14
Carlos Hernandez,976.07
Masio Fullen,976.05
Braxton Smith,976.02
Solomon Hutcherson,975.97
Ronald Jhun,975.96
Max Rohskopf,975.96
Mandy Bohm,975.96
David Michaud,975.95
Stanislav Nedkov,975.93
Raphael Pessoa,975.88
Juliana Miller,975.85
Allen Berube,975.84
Joshua Weems,975.79
Eddie Mendez,975.78
Tony Petarra,975.77
Patrick Cummins,975.76
Daniel Barez,975.75
Mark Hominick,975.72
Charlie Valencia,975.7
Bubba Bush,975.68
Philip De Fries,975.67
Shunichi Shimizu,975.66
Dusko Todorovic,975.65
Filip Pejic,975.6
Harold Howard,975.58
Dieusel Berto,975.58
Ivan Serati,975.58
James McSweeney,975.58
Brian Geraghty,975.57
Ray Wizard,975.48
He-Man Gipson,975.48
Nate Schroeder,975.48
Sean Alvarez,975.48
Kristian Rothaermel,975.48
Roger Zapata,975.48
Jeka Saragih,975.48
Paul Georgieff,975.47
Saeed Hosseini,975.38
Matthew Lopez,975.37
Chris Liguori,975.35
Justin Lawrence,975.34
Clifford Starks,975.31
Sabina Mazo,975.25
James Lee,975.24
David Heath,975.19
Manvel Gamburyan,975.12
Kevin Burns,975.07
Johnny Bedford,975.05
Darren Stewart,975.03
Brok Weaver,974.98
Nadia Kassem,974.77
Yui Chul Nam,974.75
Deron Winn,974.68
William Knight,974.66
Felipe Olivieri,974.57
Hans Stringer,974.43
Ricardo Romero,974.42
Cameron Dollar,974.36
Devin Clark,974.36
Emil Meek,974.34
Joao Pierini,974.33
Connor Matthews,974.29
Marcus LeVesseur,974.22
Jake Ellenberger,974.2
Alex Karalexis,974.17
Elise Reed,974.1
Poliana Botelho,974.03
Justine Kish,973.92
Mike Jackson,973.91
Thiago Perpetuo,973.66
Lucas Alexander,973.5
Sasha Palatnikov,973.49
Eugene Jackson,973.33
Milana Dudieva,973.33
Josh Stansbury,973.18
Khama Worthy,973.05
Vince Morales,973.01
Tom Blackledge,972.92
Abu Azaitar,972.67
Anthony Njokuani,972.62
Chris Cope,972.37
Ihor Potieria,972.36
George Sullivan,972.13
Gabriel Benitez,972.12
Kai Kamaka,972.04
Clay Harvison,971.95
Jorge Gurgel,971.7
Orion Cosce,971.56
Erick Montano,971.48
Corey Hill,971.42
Chris Beal,971.34
Kyle Kingsbury,971.28
Joe Riggs,971.22
James Moontasri,971.22
Goran Reljic,971.08
Yves Edwards,970.94
Louis Smolka,970.94
Oskar Piechota,970.93
Trevor Smith,970.74
Keita Nakamura,970.65
Bethe Correia,970.62
Mario Miranda,970.5
Omar Morales,970.5
Anthony Perosh,970.48
Guido Cannetti,970.44
Marcus Aurelio,970.41
Andrew Holbrook,970.35
Justin Salas,970.3
Rafael Alves,970.15
Brian Kelleher,970.03
Francisco Rivera,970.01
Travis Lutter,969.97
Marcin Held,969.87
Duane Ludwig,969.72
Priscila Cachoeira,969.71
Dylan Andrews,969.57
AJ Fletcher,969.49
Mike Brown,969.45
Geane Herrera,969.33
Ricky Glenn,969.32
Caol Uno,969.18
Craig White,969.02
Isaac Vallie-Flagg,968.68
Russell Doane,968.57
Eric Shelton,968.23
Daniel Sarafian,968.21
Ryo Chonan,968.13
Brian Johnston,967.99
Jason Dent,967.79
Piotr Hallmann,967.77
Julian Marquez,967.61
Darrick Minner,967.6
Justin Scoggins,967.41
Dhiego Lima,967.41
Mike Breeden,967.38
Rob Kimmons,967.33
Justin Ledet,967.3
Derrick Krantz,967.24
Christos Giagos,967.14
Efrain Escudero,966.79
Luke Sanders,966.76
Brad Scott,966.7
Scott Askham,966.69
Jack Marshman,966.64
Will Brooks,966.58
Ben Saunders,966.57
Kyle Daukaus,966.4
Mike de la Torre,966.3
Vanessa Melo,966.13
Frankie Perez,965.97
Alexander Yakovlev,965.9
Louis Gaudinot,965.67
Elizabeth Phillips,965.65
Polyana Viana,965.59
Akbarh Arreola,965.33
Lando Vannata,965.31
Bart Palaszewski,965.22
Devin Powell,965.14
Bobby Moffett,965.04
Steven Peterson,964.81
Koji Oishi,964.78
Dwight Grant,964.76
Yosdenis Cedeno,964.67
Kleydson Rodrigues,964.65
Damian Stasiak,964.52
Rostem Akman,964.42
Anderson Dos Santos,964.26
Ion Cutelaba,964.23
Chris Wilson,964.2
Dennis Buzukja,964.15
Yaotzin Meza,964.13
Andre Winner,964.09
SeungWoo Choi,964.08
Danny Martinez,964.07
Felipe Colares,964.07
Mike Grundy,964.06
Stefan Sekulic,964.05
Alex White,964.03
Ray Rodriguez,963.99
Don Shainis,963.83
John Allan,963.79
Terry Martin,963.77
Roger Hollett,963.74
Alex Nicholson,963.72
Tor Troeng,963.7
Hatsu Hioki,963.69
Ross Pearson,963.63
DaMarques Johnson,963.63
TJ Brown,963.61
Michael McBride,963.58
Reese Andy,963.56
Shanna Young,963.55
Landon Quinones,963.44
Jessica Penne,963.43
Lucio Linhares,963.42
Alex Da Silva,963.4
Luigi Vendramini,963.3
Mehdi Baghdad,963.29
Liudvik Sholinian,963.26
James Irvin,963.25
Josh Clopton,963.24
Darrell Horcher,963.16
Carlos Huachin,963.15
Shane Roller,963.04
Clay Collard,963.03
Marion Reneau,963.03
Paul Bradley,963.01
Jesse Butler,962.95
Kevin Aguilar,962.92
Junior Tafa,962.91
Jay Silva,962.89
Matt Dwyer,962.87
Pete Williams,962.84
Gabriel Silva,962.84
Marcin Prachnio,962.72
Kay Hansen,962.64
Tim Gorman,962.56
Amar Suloev,962.52
Gasan Umalatov,962.42
Chris Fishgold,962.41
Joao Zeferino,962.36
Harry Moskowitz,962.31
Kevin Casey,962.27
Bruno Souza,962.24
Josh Fremd,962.24
Enrique Marin,962.22
Mark Striegl,962.21
Bobby Hoffman,962.2
Sam Stout,962.19
Jon Olav Einemo,962.19
Jason Novelli,962.18
Jorge Lopez,962.16
Kuniyoshi Hironaka,962.13
Quinn Mulhern,962.13
Vagner Rocha,962.12
Edwin Figueroa,962.06
Domingo Pilarte,962.05
Matt Bessette,961.97
Julio Paulino,961.96
Danny Downes,961.94
Caio Machado,961.89
Dylan Budka,961.88
Carmelo Marrero,961.87
Sarah Frota,961.87
Kyle Prepolec,961.84
Kazula Vargas,961.77
Christian Morecraft,961.71
Johnny Munoz,961.71
Josh Copeland,961.69
Matt Horwich,961.66
Josh Neer,961.64
Justin Eilers,961.58
Jason MacDonald,961.58
Cortney Casey,961.56
Pat Barry,961.51
Oliver Enkamp,961.49
Papy Abedi,961.47
Townsend Saunders,961.39
Jin Soo Son,961.26
Tateki Matsuda,961.25
Ericka Almeida,961.25
AJ Dobson,961.24
Mats Nilsson,961.23
Andre Gusmao,961.22
Joey Gambino,961.22
Danny Mitchell,961.21
Laureano Staropoli,961.18
Luis Henrique,961.17
Julie Kedzie,961.15
Brandon Thatch,961.15
Alexis Dufresne,961.15
Rayanne dos Santos,961.15
Austin Arnett,961.14
Justin Jones,961.11
Humberto Bandenay,961
Cristiano Marcello,960.98
Yanis Ghemmouri,960.97
Konstantin Erokhin,960.96
Fernando Bruno,960.96
Nick Fiore,960.91
Gadzhi Omargadzhiev,960.87
Jonavin Webb,960.85
Teemu Packalen,960.85
Christophe Leninger,960.84
Jason Gonzalez,960.79
Alberto Crane,960.77
Doug Evans,960.75
Justin Levens,960.72
Yao Zhikui,960.71
Carlton Minus,960.67
Jon Delos Reyes,960.64
Jarno Errens,960.61
Damien Brown,960.56
Chad Reiner,960.55
Chad Griggs,960.54
Wagner Prado,960.54
Josh Ferguson,960.53
TJ Laramie,960.52
Kyle Bradley,960.51
Josh Sampo,960.5
Alex Ricci,960.47
Ryan Couture,960.43
Hernani Perpetuo,960.43
Sam Sicilia,960.4
Shana Dobson,960.37
Peter Barrett,960.35
Karlos Vemola,960.31
TJ O'Brien,960.22
Seo Hee Ham,960.22
Reuben Duran,960.17
Amilcar Alves,960.15
Ednaldo Oliveira,960.08
Bernardo Magalhaes,960.08
Nolan Ticman,960.07
Chan-Mi Jeon,960.07
Timmy Cuamba,960.06
Saparbeg Safarov,960.05
Leonardo Mafra,960.04
David Dodd,960.02
Carl Deaton,960.02
Yoshihiro Akiyama,960.01
Colin Fletcher,960
Dileno Lopes,960
Nohelin Hernandez,959.99
Steve Lopez,959.98
Renee Forte,959.98
Horacio Gutierrez,959.92
Ronys Torres,959.91
Joey Gomez,959.91
Marnic Mann,959.91
Antonio Mendes,959.9
Johnny Eduardo,959.9
Matt Sayles,959.9
Paulo Thiago,959.85
Yuri Villefort,959.82
Darko Stosic,959.82
Valeri Ignatov,959.75
Pearl Gonzalez,959.75
Rosi Sexton,959.74
Jordan Radev,959.72
David Zawada,959.72
Steve Berger,959.64
Ramiro Hernandez,959.63
Tom DeBlass,959.62
Patrick Williams,959.61
Zhang Tiequan,959.57
Vik Grujic,959.57
Val Woodburn,959.57
KB Bhullar,959.54
Sean Salmon,959.53
Rongzhu,959.52
Richard Walsh,959.51
Brock Jardine,959.5
Alessio Sakara,959.48
Vaughan Lee,959.46
Jessica Rakoczy,959.46
John Halverson,959.44
Yusuke Kasuya,959.41
Alex Soto,959.4
Steve Montgomery,959.4
Paul Redmond,959.36
Jessica-Rose Clark,959.35
Yasuhiro Urushitani,959.33
Pat Audinwood,959.28
Cole Williams,959.28
Kazuhiro Nakamura,959.27
Te Edwards,959.25
Tim Lajcik,959.24
Shayna Baszler,959.23
Lauren Mueller,959.21
Richardson Moreira,959.17
Louis Cosce,959.17
Luan Lacerda,959.17
Hector Ramirez,959.16
Anthony Ivy,959.14
Michel Quinones,959.12
Jessin Ayari,959.05
Ali AlQaisi,959.03
Michal Figlak,959
Yizha,958.99
Dokonjonosuke Mishima,958.98
Jeremy Kimball,958.9
Alvin Robinson,958.88
Court McGee,958.87
Chris Avila,958.85
Motonobu Tezuka,958.83
Brian Houston,958.83
Jason Young,958.82
Rin Nakai,958.82
Tucker Lutz,958.82
Maria Oliveira,958.78
Teruto Ishihara,958.77
Bevon Lewis,958.74
Jamey Simmons,958.73
Joseph Gigliotti,958.7
Jonathan Wilson,958.64
Gaetano Pirrello,958.61
Joachim Christensen,958.6
Brandon Wolff,958.54
Byron Bloodworth,958.5
Aleksa Camur,958.5
Mike Stumpf,958.48
Andreas Stahl,958.44
Tim Williams,958.44
Jason Tan,958.37
Thomas Gifford,958.33
Curtis Stout,958.32
Sammy Morgan,958.32
Mike Lullo,958.32
Dan Stittgen,958.32
Luiz Dutra,958.32
Alan Omer,958.32
Carls John De Tomas,958.32
Brendson Ribeiro,958.32
Kazuki Tokudome,958.3
Saimon Oliveira,958.29
Kevin Borjas,958.25
Jason Black,958.24
Talita Bernardo,958.24
Crafton Wallace,958.18
Takenori Sato,958.18
Anna Elmose,958.18
Josh Shockley,958.14
Brendan O'Reilly,958.13
Terrence Mitchell,958.11
Mike Rio,958.08
Michael Patt,958.06
Phil Harris,958.04
Elvis Mutapcic,957.98
Brandon Jenkins,957.97
Ashkan Mokhtarian,957.95
JC Cottrell,957.94
Silvana Gomez Juarez,957.94
Juancamilo Ronderos,957.9
Brodie Farber,957.88
Frank Trigg,957.82
Sarah Alpar,957.81
Joe Brammer,957.79
Luis Ramos,957.79
Alptekin Ozkilic,957.78
Claudio Ribeiro,957.75
Yorgan De Castro,957.68
Josh Quinlan,957.67
Victor Valimaki,957.61
Dakota Bush,957.58
Dan Evensen,957.45
Sean Spencer,957.45
James Llontop,957.44
Erik Silva,957.4
Jason Witt,957.38
Chris Heatherly,957.35
Kaynan Kruschewsky,957.34
Nick Aguirre,957.33
Willie Gates,957.31
Vince Cachero,957.3
Danny Abbadi,957.27
Syuri Kondo,957.27
Eiji Mitsuoka,957.25
Leo Kuntz,957.24
Pat Schilling,957.23
Houston Alexander,957.21
Mariya Agapova,957.2
Mark Holst,957.18
Shane Howell,957.18
Razak Al-Hassan,957.17
David Kaplan,957.17
Marcelo Golm,957.17
Jacob Kilburn,957.17
Brogan Walker,957.17
Rodrigo de Lima,957.16
Gilbert Aldana,957.15
Rolando Dy,957.14
Walel Watson,957.13
Wagner Silva,957.13
Eddie Gordon,957.12
Jesse Strader,957.08
Edward Faaloloto,957.07
Ulysses Gomez,957.07
Leonardo Guimaraes,957.07
Kevin Jordan,957.04
Ryan Thomas,957.04
Denis Stojnic,957.01
Shane del Rosario,957.01
Marcos Mariano,957.01
Chris Indich,957
Leonardo Morales,957
Azamat Gashimov,956.97
Karl Roberson,956.96
Fabiano Scherner,956.94
Roman Salazar,956.94
Carlos Candelario,956.93
Eddie Wineland,956.92
Randa Markos,956.92
Jim Wallhead,956.9
Mohammad Yahya,956.9
Michael Kuiper,956.89
Artem Lobov,956.89
Anthony Christodoulou,956.87
Jordan Espinosa,956.83
Ryan MacDonald,956.81
Donny Walker,956.8
Brendon Marotte,956.79
Kurt Holobaugh,956.77
Elias Garcia,956.73
Jason Godsey,956.72
Ricky Rainey,956.7
Guto Inocente,956.69
Jose Maria,956.6
Daniel Spitz,956.55
Eric Wisely,956.43
Rob Wilkinson,956.43
Larissa Pacheco,956.38
Kyle Stewart,956.35
Cody Pfister,956.33
Todd Brown,956.31
Gloria de Paula,956.3
Anthony Lapsley,956.29
Kris Moutinho,956.29
Collin Anglin,956.24
Dong Hyun Ma,956.23
Jack May,956.15
Travis Wiuff,956.14
Besam Yousef,956.07
Austen Lane,956.07
Joseph Holmes,956.02
Mark Eddiva,956.01
Juan Manuel Puig,956
Alexandre Dantas,955.99
Cain Carrizosa,955.98
George Roop,955.97
Zarrukh Adashev,955.96
Cristina Stanciu,955.93
Suman Mokhtarian,955.92
Andreas Michailidis,955.81
Kelly Faszholz,955.78
Edilberto de Oliveira,955.77
Chris de la Rocha,955.76
CJ Keith,955.75
Luke Caudillo,955.7
Kwan Ho Kwak,955.69
Grigory Popov,955.69
Jorge de Oliveira,955.66
Jeremy Jackson,955.63
Christian Colombo,955.61
Xavier Foupa-Pokam,955.59
Jeff Cox,955.54
Larry Cureton,955.52
Moti Horenstein,955.52
Royce Alger,955.52
Joe Veres,955.52
Brad Morris,955.52
Joseph Sandoval,955.52
John Cofer,955.52
Bristol Marunde,955.52
Sheila Gaff,955.52
Charlie Ward,955.52
Aalon Cruz,955.52
Trent Jenkins,955.51
Kiefer Crosbie,955.51
Marcin Bandel,955.45
Ansar Chalangov,955.43
Chris Tuchscherer,955.35
Oli Thompson,955.34
Emily Kagan,955.28
Victor Martinez,955.28
Scott Smith,955.25
Yoislandy Izquierdo,955.23
Cody Gibson,955.23
Tommy Speer,955.18
Ben Wall,955.08
Juan Adams,955.08
Roger Bowling,955.07
Steve Kennedy,955.03
Nick Penner,954.99
Herbert Burns,954.99
Cameron VanCamp,954.85
Jessamyn Duke,954.78
Michelle Waterson-Gomez,954.77
Mac Danzig,954.69
Mike Guymon,954.69
Drako Rodriguez,954.68
Victor Rodriguez,954.64
Mallory Martin,954.53
Anthony Birchak,954.41
Rob Yundt,954.39
Wendell Oliveira Marques,954.36
Tommy Hayden,954.35
Danilo Belluardo,954.35
Roldan Sangcha'an,954.31
James Bochnovic,954.3
Colin Robinson,954.29
Wes Combs,954.28
Steve Steinbeiss,954.28
Cesar Arzamendia,954.28
Dashon Johnson,954.27
Rafael Cavalcante,954.25
William Macario,954.24
Lisa Ellis,954.2
Hayder Hassan,954.2
Yusaku Kinoshita,954.2
Johnny Rees,954.15
Liana Jojua,954.15
Colton Smith,954.14
Micheal Gillmore,954.12
Chase Gormley,954.11
Sam Fulton,954.1
Charalampos Grigoriou,954.1
Anton Zafir,954.08
Cameron Else,954.03
Joe Vedepo,954.02
Steve Judson,954.01
Zane Frazier,954
Chris Price,954
Charles Rosa,954
David Lee,953.9
Barb Honchak,953.9
Alberto Uda,953.88
Andrea Lee,953.77
Martin Bravo,953.74
Richie Vaculik,953.68
Antonio Silva,953.58
Jordan Griffin,953.48
Jenel Lausa,953.44
Samy Schiavo,953.32
Chris Dempsey,953.31
Tom Watson,953.27
Henrique da Silva,953.25
Gadzhimurad Antigulov,953.23
Montserrat Conejo Ruiz,953.15
David Abbott,953.08
Tom Niinimaki,953.01
Amanda Cooper,952.77
Daniel Jolly,952.76
Matt Van Buren,952.72
Andre Soukhamthath,952.65
Boston Salmon,952.62
Ross Pointon,952.53
Rashad Coulter,952.46
Dave Menne,952.42
Yohan Lainesse,952.38
Rachael Ostovich,952.27
Antonio Dos Santos,952.26
Andre Fialho,952.23
Vinny Magalhaes,952.08
Zac Pauga,952.06
Charles Byrd,951.98
Randy Costa,951.8
David Mitchell,951.74
Fabricio Camoes,951.65
Ode Osbourne,951.63
Cody Donovan,951.44
Wellington Turman,950.96
Alvaro Herrera Mendoza,950.75
Dustin Stoltzfus,950.73
Eric Schafer,950.65
Roxanne Modafferi,950.39
Cody East,950.32
Jason Gilliam,950.31
Miranda Granger,950.31
Jason Miller,950.25
Nate Mohr,950.05
Tafon Nchukwi,949.87
Dominic Waters,949.54
Kyle Bochniak,949.52
Takashi Sato,949.51
Emily Whitmire,949.41
Sean O'Connell,949.04
Lukasz Brzeski,948.95
Jamie Varner,948.82
Trevin Jones,948.8
Dominique Steele,948.3
Khalid Taha,947.17
Alessio Di Chirico,947.15
Kevin Croom,947.15
Aaron Riley,947.08
Assuerio Silva,946.89
Lina Lansberg,946.61
Salim Touahri,946.41
Ryan Benoit,946.21
Henry Briones,946.19
Junior Albini,946.04
Markus Perez,945.87
Mitch Clarke,945.75
Hannah Goldy,945.28
Rolando Bedoya,945.22
Sarah Moras,945.17
Pete Sell,945.08
Tim Hague,944.94
Hector Lombard,944.92
Mike Rodriguez,944.65
Kamal Shalorus,944.63
Rodney Wallace,944.6
Jessica Eye,944.52
Gilbert Yvel,944.5
Bec Rawlings,944.46
Vinicius Salvador,944.4
Mateus Mendonca,944.06
Dan Lauzon,943.97
Wes Sims,943.94
Dave Herman,943.8
Darian Weeks,943.64
Tra Telligman,943.57
Justin Edwards,943.48
Jessica Aguilar,943.41
Julija Stoliarenko,943.25
Albert Morales,943.23
Joey Beltran,943.22
Garreth McLellan,943.05
Mike Massenzio,942.98
Journey Newson,942.8
Marcio Alexandre Junior,942.78
Jeff Curran,942.61
Mike Rhodes,942.16
Jeff Hughes,942.13
Dan Moret,942.1
Andy Enz,941.76
Diana Belbita,941.39
Mostapha Al-Turk,941.34
Marvin Eastman,941.33
Justin Buchholz,941.29
Kris McCray,941.29
Diego Saraiva,941.18
Alex Reyes,941.09
Blood Diamond,941.04
Daniel Teymur,940.98
Ramona Pascual,940.98
Sabah Homasi,940.93
Felix Lee Mitchell,940.89
Shane Campbell,940.84
Tonya Evinger,940.77
Lukasz Sajewski,940.65
Alex Chambers,940.56
Eric Spicely,940.53
Ashlee Evans-Smith,940.34
Darrius Flowers,940.25
Darrell Montague,940.22
Jordan Williams,940.17
Jay Perrin,939.85
Brad Imes,939.7
Oluwale Bamgbose,939.68
Erick Gonzalez,939.65
Shane Young,939.52
Antonio Arroyo,939.51
Norifumi Yamamoto,939.39
Jared Papazian,939.37
Hector Aldana,939.25
Jocelyn Jones-Lybarger,939.14
Malcolm Gordon,938.96
Estevan Payan,938.86
Brian Camozzi,938.86
Matt Grice,938.68
Nam Phan,938.6
Alan Baudot,938.47
Yoji Anjo,938.43
Justin Jaynes,938.33
Garett Whiteley,938.32
Charlie Ontiveros,938.28
Cole Escovedo,938.17
Edwin DeWees,938.16
Gabe Ruediger,938.14
Josh Haynes,938.12
Damian Grabowski,938.04
Viktor Pesta,938.03
Kevin Natividad,938
Wulijiburen,937.95
Victoria Leonardo,937.89
Josh Parisian,937.47
Iliarde Santos,937.46
Bobby Nash,937.42
Jumabieke Tuerxun,937.39
Marcelo Rojo,937.36
Mark De La Rosa,937.31
Roque Martinez,937.16
Jason Reinhardt,937.08
Genaro Valdez,937.05
Niklas Stolze,937.04
Fabio Cherant,937.02
Ruan Potts,936.93
Daiju Takase,936.68
Bojan Mihajlovic,936.68
Denys Bondar,936.61
Zelim Imadaev,936.47
Jared Hamman,936.42
Gilbert Melendez,936.38
Angela Magana,936.37
Mara Romero Borella,935.85
Mike Santiago,935.79
Harry Hunsucker,935.79
Forrest Petz,935.77
Joby Sanchez,935.62
Gideon Ray,935.55
Kalindra Faria,934.49
Shannon Ross,934.45
Jeremy Larsen,934.26
Hu Yaozong,934.26
Jake Lindsey,934.21
John Albert,933.87
Brad Pickett,933.56
Jesse Forbes,933.44
Frank Camacho,932.52
Phil Baroni,932.29
Rafaello Oliveira,932.25
Dalcha Lungiambula,932.19
Jordan Wright,932.16
Damacio Page,931.29
Dmitrii Smoliakov,931.23
Gian Villante,930.92
Jorge Santiago,930.76
Charlie Brenneman,930.71
Thibault Gouti,930.55
Jake Collier,929.82
Mizuto Hirota,929.66
Ryan Jensen,929.26
Igor Pokrajac,928.77
Takanori Gomi,928.71
Sam Alvey,928.6
Rhys McKee,926.35
Hannah Cifers,926.31
Joe Doerksen,925.75
Will Campuzano,925.36
Dustin Pague,925.13
Steve Cantwell,924.95
Jay Hieron,924.83
John Phillips,924.66
Terrion Ware,924.38
Wu Yanan,924.06
Denis Tiuliulin,923.89
Zarah Fairn,923.34
Aaron Phillips,923.31
Ji Yeon Kim,923.28
Khadis Ibragimov,922.93
Bobby Voelker,922.86
Anthony Hamilton,922.75
Keith Wisniewski,922.73
Anton Turkalj,922.65
Fernie Garcia,922.39
Jinh Yu Frey,922.34
Jodie Esquibel,922.32
Ricardo Funch,922.23
Pat Healy,920.46
Brandon Davis,920.43
Gina Mazany,920.25
Andy Ogle,919.57
Maki Pitolo,919.34
Seth Petruzelli,919.27
JP Buys,919.03
Dequan Townsend,919.02
Martin Day,918.81
Elvis Sinosic,918.19
Josh Grispi,918.07
Istela Nunes,917.45
Phillipe Nover,917.18
John Alessio,917.17
Scott Jorgensen,917.04
Edgar Garcia,916.96
Tiki Ghosn,916.67
Ashley Yoder,915.62
Alen Amedovski,915.34
Michihiro Omigawa,915.31
Lucie Pudilova,914.92
Jerome Rivera,914.77
Liang Na,912.41
Vinicius Moreira,911.91
Ike Villanueva,911.76
Zhalgas Zhumagulov,911.34
Leonard Garcia,909.18
Kailin Curran,908.74
Naoyuki Kotani,905.54
Jesse Ronson,905.03
Jared Vanderaa,903.74
Sean Soriano,902.47
Jamie Pickett,901.1
Chase Sherman,897.87
Daniel Lacerda,896.32
Joshua Burkman,893.29
