Team,Elo Rating
FNATIC,2554.45
Acend,2372.13
EDward Gaming,2210.25
DSYRE,2191.83
Paper Rex,2164.12
G2 Gozen,2065.47
Alter Ego,2056.2
Sentinels,2039.41
G2 Esports,2014.65
Velocity Gaming,2013.6
FunPlus Phoenix,2001.33
Ghost Gaming,1975.36
NAOS,1967.68
BOOM Esports,1930.41
Cloud9,1905.12
Apeks,1892.71
Team Liquid,1889.7
SAW,1880.76
FULL SENSE,1873.87
Fire Flux Esports,1867.25
Giants Gaming,1829.94
M80,1813.67
The Guard,1803.36
Absolute JUPITER,1775.1
NRG Esports,1773.19
Oxygen Esports,1771.51
MOUZ,1770.26
ORDER,1768.44
Gambit Esports,1763.85
Diamant Esports,1732.15
DRX,1724.32
FUT Esports,1720.29
KRÜ BLAZE,1713.57
Team Falcons,1696.89
Mandatory,1694.51
Papara SuperMassive,1693.59
TSM,1693.3
Immortals,1687.88
GMT Esports,1686.89
Team Heretics,1685.51
BLEED,1682.09
Version1,1669.6
XSET,1668.54
Made in Thailand,1649.43
Renegades,1647.36
CGN Esports,1638.58
UCAM Esports Club,1636.92
100 Thieves,1634.5
Team Vitality,1628.57
Vision Strikers,1607.66
Soniqs,1591.49
Knights,1590.03
Acend Rising,1565.21
Fancy United Esports,1551.75
LOUD,1550.8
X10 Esports,1550.75
DarkZero Esports,1547.74
ONIC G,1540.67
Envy,1534.69
Oasis Gaming,1521.86
forZe,1517.89
Case Esports,1516.92
TSM Academy,1512.24
Guild Esports,1506.09
Gen.G,1471.6
FENNEL,1470.75
Oblivion Force,1465.21
Complexity,1461.23
Guild GC,1460.32
E-Xolos LAZER,1457.76
Andbox,1452.83
Shopify Rebellion GC,1452.27
KRÜ Esports,1449.38
FaZe Clan,1446.78
TENSTAR Nova,1445.37
Nearest Airport,1430.36
Team Liquid Brazil,1428.32
Evil Geniuses,1425.84
Dark Ratio,1422.74
KPI Gaming,1421.29
XERXIA Esports,1418.0
Team Secret,1417.45
Opportunists,1415.33
Alter Ego Celeste,1406.97
Akrew,1406.27
EXO Clan,1405.1
ONE Team Esports,1404.86
fish123,1396.86
Oxygen Academy,1390.87
EXCEL,1390.68
Crazy Raccoon,1389.42
FOKUS,1388.82
TENSTAR,1387.54
Cloud9 White,1386.85
Natus Vincere,1386.71
LEVIATÁN,1386.59
Teal Seam,1384.64
SoaR,1383.02
BBL Queens,1380.65
The Union,1375.71
Action PH,1372.73
need more DM,1371.42
DfuseTeam,1369.54
Orangutan,1369.49
Turtle Troop,1367.86
Team Bliss,1366.76
BIG,1363.71
Finest,1360.46
Keyd Stars,1358.73
Built By Gamers,1356.17
Gamelanders Blue,1352.52
Built By Gamers Academy,1352.22
The Mafia,1350.44
Shopify Rebellion,1350.34
TERROR.NET,1349.92
9z Team,1347.13
T1,1344.95
Enigma Gaming,1343.24
Team SMG,1341.38
Cloud9 Academy,1338.65
Weibo Gaming,1335.68
KONE eSports Club,1335.01
Luminosity,1333.69
Rise,1327.29
BOBO,1325.97
DAMWON Gaming,1322.79
Pioneers,1322.73
NUTURN,1318.78
Team RA'AD,1316.15
Rix.GG Lightning,1316.09
Wave Esports,1313.21
Oxxgen Esports,1307.99
Australs,1307.6
Sin Prisa Gaming,1305.35
LDN UTD,1304.4
Prodigy,1301.03
ZETA DIVISION GC,1299.43
GTZ Esports,1298.43
Bigetron Arctic,1296.51
Attack All Around,1292.68
SBG,1287.93
HSDIRR,1285.05
TNL Esports,1284.19
True Rippers,1278.77
nolpenki,1276.31
Anti Eco Eco Club,1275.93
Ninjas in Pyjamas,1275.8
Revenant Esports,1274.77
Estral Esports,1273.99
NXL LIGAGAME,1273.0
OpTic Gaming,1271.76
Surreal Esports,1270.87
China Nguyen,1269.93
Team SMG GC,1269.84
Joblife,1269.4
Team Falcons Vega,1267.43
Bren Esports,1264.03
Totoro Gaming,1262.52
ex-Giants Gaming,1260.77
Bilibili Gaming,1260.26
PartyParrots,1257.36
CERBERUS Esports,1255.53
NASR Esports,1255.14
Dplus Esports,1253.05
On The Way,1253.02
ZOL Esports,1252.03
Reality Rift,1251.98
Tim Tài Trơ,1250.82
Knights Academy,1249.89
All Knights,1249.4
Tales of Eastern,1248.41
NYFU,1248.35
FlyQuest RED,1247.69
FAV gaming,1247.44
BBL Esports,1247.31
GoNext Esports,1246.71
FUT Female,1246.63
JustLose,1246.53
Squirtle Squad,1246.5
Rare Atom,1246.05
SUMN FC,1243.65
Northwood University,1242.78
Parla Esports,1241.77
Barça eSports,1241.18
NoPoaching,1239.0
ez5,1238.35
CrowСrowd,1235.09
Shenzhen NTER,1231.1
City Boys,1230.3
ELEVATE,1230.07
Radiance,1229.91
Rio Company,1225.93
CBT Gaming,1224.53
ex-FLICKBAITERS,1221.45
Steal Your Glory,1221.09
95x Esports,1216.78
Rebels Gaming,1215.06
HypHypHyp,1214.35
Gentle Mates,1214.14
Complexity GX3,1213.76
Anubis Gaming,1213.3
Xipto Esports,1212.97
PCIFIC Espor,1212.83
SCARZ,1210.68
S2G Esports,1210.0
Global Esports,1208.3
HEET,1206.46
PEACE,1204.18
Evil Geniuses GC,1202.37
Wildcard Gaming,1198.4
FABRIKEN,1198.15
INFINITY,1194.16
bonk,1193.91
Zerance,1193.04
VALIANT,1186.22
LDM Esports,1185.27
YFP Gaming,1185.02
RIDDLE ORDER,1184.98
Disguised,1179.93
Fox Gaming,1179.31
FiRePOWER,1178.88
NASR Ignite,1177.26
FURIA,1177.21
HOWL Esports,1174.95
KOVA,1172.58
ORGLESS,1171.84
Kooky Koalas,1171.71
Entropiq,1170.3
2Game Esports,1168.96
Fusion Fraggers,1168.92
together we are terrific,1168.08
One Breath Gaming,1167.39
NerdPunt,1166.54
Papara SuperMassive Female,1164.06
STEALING LUNCH MONEY,1161.31
Mamba Mode Gaming,1160.46
NORTHEPTION,1160.45
Ariana Grande Perfume,1160.27
UBT Esports,1157.69
Six Karma,1156.91
Team NKT,1156.87
MAD Lions,1156.78
Team Singularity,1156.76
Team Portugal,1156.49
VIRTUOSO,1153.84
Akave Esports GC,1149.67
2G4L,1149.03
WiLD MultiGaming,1148.55
ex-EXO Clan,1148.23
KPC Computer Studio,1145.84
Blinn,1145.03
Cloud9 Korea,1144.81
QoR,1143.88
Trident Esports,1143.79
CISFAITH,1143.73
Suning Gaming,1143.39
YONK,1143.16
HONEY BADGERS,1143.15
X10 Sapphire,1142.46
Macko Esports,1138.63
ZETA DIVISION,1138.32
McBTSMac,1138.04
Arroz,1138.0
Team Flash,1137.15
Louvre,1136.23
Eloquence,1135.87
Zero MarksMen Black,1135.29
NSIC,1134.76
Team Mixwell,1134.52
Alliance,1134.11
LFG Portal,1132.89
Bottom Fraggers,1131.99
Moon Raccoons,1131.12
Geekay Esports,1129.7
GIANTX GC,1129.34
THE 7,1128.49
F4Q,1127.25
Ninjas In Pyjamas,1127.0
Requiem,1126.86
Los Grandes,1126.57
ahq e-Sports Club,1126.22
Botafogo eSports,1126.2
VX300 Gaming,1125.8
Team Launch,1125.06
Pancada e Amigos,1122.53
Fire Flux Fierce,1122.52
Team Eastern Europe,1122.23
EGN Esports,1121.7
M3 Champions,1120.91
Team Empire,1119.91
Reject$,1119.74
RETA Esports,1119.17
Royals,1118.95
eXiLe eSports,1118.52
R8 Esports,1118.13
Dignitas,1117.18
Noble,1117.11
PPP,1116.94
Bonkers,1116.46
Gamelanders Purple,1115.18
ChatBanned,1114.62
St. Clair Saints,1114.45
Teal Seam 1.0,1114.27
mouseSpaz,1114.16
LaZe,1113.71
Jacked Gamers,1113.58
MIBR GC,1113.39
Lenny Time,1113.02
Inside Games,1112.91
Ground Zero,1111.78
DNADIFF,1110.07
Purple Cobras,1109.58
Hero Base,1109.19
FPL-C,1107.7
Team XO,1106.6
Lotus Knights,1106.53
animel,1106.09
Team Türkiye,1104.94
Team Vikings,1104.68
FAKEZIN,1104.38
Team Toxic,1103.96
JiJieHao,1103.66
Kizuna Esports,1103.36
Generation of Miracles,1103.1
Skull Cracker Quartz,1103.04
Misfits Black,1103.04
where is fullerton,1102.45
Sangal Esports,1102.04
Supernova Galaxy,1101.74
Xi Lai Gaming,1100.4
L'institut,1099.23
Phoenix1,1099.23
IVY,1099.09
SMARACIS eSports Female,1098.9
Philippines,1097.8
Chao Hui EDward Gaming,1097.31
Orquestra do Maestro,1097.11
Raise Your Edge,1096.82
The Better LG,1096.45
Wygers Argentina,1096.18
XIT,1096.09
iPon Esport,1095.22
Les Petits Bouffons,1094.98
Squad5,1094.75
pug123,1094.52
Justice For Tomorrow,1094.08
MiTH.Attitude,1093.69
BANKAI,1092.98
Serenity,1092.92
Sakura Storm,1092.04
AG,1091.85
Equinox Esports,1091.52
BASILISK,1091.4
OREsports,1091.16
HGE Esport,1090.87
Galaxy Esports,1090.59
Brimstone Gaming,1089.7
Thinking Men,1088.69
Uruguay 3,1088.58
l3wandowski,1087.81
Indonesia,1087.64
RRQ Kaguya,1087.52
team xz,1087.42
KPMOONIIBLM9,1087.09
Anatolia Esports,1086.23
Worst Players,1085.79
Gods Reign,1085.56
Over Quality,1085.42
Rix.GG Thunder,1085.09
Stampede Gaming,1085.02
BreakThru,1084.0
Gaimin Gladiators,1083.36
Tropa do avanço,1083.3
Kingsmen,1083.27
Son of 4 Dogs,1083.18
Mir Gaming GC,1082.6
Galaxy Racer,1082.5
carameloo,1081.88
Team Frankkaster,1081.77
Buscando Org,1081.67
Team ardiis,1081.42
Disguised GC,1080.73
GARUDA,1080.73
Jadeite,1080.37
Goofy Goobers,1080.25
Pit Stop,1080.18
Avant,1080.06
MIBR,1079.94
Don't Even Ask,1079.91
Vietnamese Curry,1079.86
Nigma Galaxy Female,1079.61
Team Exploit,1079.55
Moist x Shopify,1079.37
ex-Serenity,1078.7
Rix.GG,1077.78
Frogless,1077.46
Passion Project,1077.42
CR4ZY,1077.16
OLD STINKY CAT,1076.69
Pretty Boyz,1076.42
YAMAGAN,1076.39
Van Lyn,1075.84
Team sabagod2,1075.42
FANGZ,1075.19
Sunsparks,1075.04
BCR,1074.86
rubberduckies,1074.8
Angry Titans,1074.68
Megastitut,1074.48
OS CARA CEGO,1074.31
Cosmic Divide,1074.2
OOKERS,1073.53
Team blue_mx,1073.44
LIZHI,1072.91
Arena Internet Cafe,1072.9
MAJKL,1072.0
Third Impact,1071.49
Reve Drift Arena,1071.22
STR99,1071.06
PROJEKT RADIANT,1070.78
Demon,1070.25
A$AP,1070.03
No Namers,1069.91
Villains Esports,1068.36
YFP X,1068.26
PACT,1067.94
TOP Esports,1067.82
Mindfreak,1067.73
SPEAR GAMING Female,1067.47
ArkAngel,1067.36
Laboratorio do Leozin,1067.35
Attacking Soul Esports,1066.61
FENNEL GC,1066.48
Fordon Boars,1066.33
Booster Seat Gaming,1066.05
CITRON CHIEN,1065.65
The Nation,1065.5
Movistar Riders,1065.14
Oni ni Kanabou,1064.84
Team wtcN,1064.83
Team tarik,1064.6
ARF TEAM,1064.44
FUSION X,1064.32
Valstars Gaming Female,1064.31
Sum 2 Prove,1064.24
We Don't Care,1063.82
SNIPER ELITE,1063.57
Surrenderers,1063.57
99 Strength,1063.56
eStar Gaming,1063.51
Next Gen,1063.45
Team AsLanM4shadoW,1063.23
Chosen Clique Gaming GC,1062.65
MBU Spartans,1062.4
FrenzyGoKill,1062.25
looking4org,1062.1
Team pannshi,1062.03
Mix,1061.9
ISOL-BULIL,1061.83
With the boiz,1061.81
CRIT Esports,1061.74
Samurai Esports,1061.64
Entropiq Bravo,1061.59
Betrayed's Fantasy Team,1061.54
Team Maryna,1061.36
NOVO Esports,1060.92
ODDIK,1060.87
OQ academy,1060.67
Paw Pals,1060.67
Brasil 2002,1060.57
SLT Seongnam,1060.5
Bait Academy,1060.44
SJSU Blue,1060.02
Acadêmicos do Tucuruvi,1060.02
Divine Vendetta,1060.0
Team BABYBAY,1060.0
The First Order,1059.88
ex-Serenity Black,1059.51
Bren Esports Victress,1059.14
Dragon Ranger Gaming,1059.05
ex-SV Empire,1058.76
Team Invictus (India),1058.59
smoke,1058.52
FOGUETE,1058.52
Natus Vincere Celestials,1058.38
Team NAME,1058.33
Team Benelux,1057.73
Catgirls,1057.63
NeverDone,1057.44
No future life is over,1057.37
SBTC Esports,1057.3
Team Starriebun,1057.23
Quantum Strikers,1057.16
GochuGaru,1057.02
Singapore,1056.81
Team Florescent,1056.28
Big Frames,1056.25
Imperial Esports,1056.14
Predestinados,1055.98
VIMDOLOL,1055.86
Notick,1055.62
Moscow Five jr,1055.6
MLT Esports GC,1055.38
FOCUSGG,1055.38
Monkey Business,1055.0
Winthrop University,1054.85
Incheon On Sla2ers,1054.83
Crima's Disciples,1054.25
Team oNe,1054.22
EGO,1053.89
Cyberking Esports,1053.68
GoNGo Prince,1053.51
Team Turkey,1053.5
Team mch,1053.39
GMBLERS,1053.33
RED Canids,1052.53
Never Woulda Thought,1052.44
ATLETEC,1052.25
FOKUS & Friends,1052.25
SweetNsour,1051.5
Tek Gaming,1051.33
SUPRMODE Gaming,1051.26
SLICK,1051.02
Never Give Up,1050.92
o7,1050.83
XPLDZ,1050.8
No Pressure,1050.7
Clarity ESC,1050.28
DELIRA,1050.09
Exceptis,1049.6
POLARITY,1049.33
UwU,1049.31
Zeta Gaming,1048.55
Fire Flux Young,1048.55
Alpha Esports Pro,1048.12
THEX,1048.01
Toon Balloons,1047.95
SHIFT,1047.42
TAMU Maroon,1047.4
NYX Kyosei,1047.11
fiVe,1047.1
Royal Never Give Up,1046.74
sisu,1046.1
THOSE GUYS,1045.91
Org Not Found,1045.86
Sicko Mode,1045.51
TFT DEMONZ,1045.32
Team Sh0ts,1045.03
Stars Horizon,1044.92
Case Hydra,1044.87
Team Sacy,1044.58
Rebels Velvet,1044.39
ESportsConnected,1044.14
genziary,1044.12
Aster Army,1043.96
Sealed,1043.74
BOY WITH LOVE,1043.7
Carleton Ravens,1043.65
CLG Red,1043.49
Homeless,1043.47
alltheRAGE,1043.45
N1MP,1043.32
Kungarna,1043.28
Morning Light,1043.17
G2G Esport,1043.14
UNtapped,1042.76
Ambitious Legend Gaming GC,1042.36
HOWL Moonlight,1042.29
Brave Wolves,1042.18
NARODNI GARDA,1042.17
Team juankorea,1042.03
RIMA GC,1042.02
Hashira,1042.01
Chakalaka,1041.78
illusioń!,1041.75
Mustache Men,1041.69
Crypto Esports,1041.62
VISU Gaming,1041.28
sqn 2.0,1041.25
The Ruffian Goats,1041.15
Insight Gaming,1041.15
Team Brax,1041.08
THE ORIGINALS,1040.86
Team draken,1040.42
having fun,1040.29
OC Esports,1040.27
Team Cruelty,1040.19
Team Sarah,1040.08
AURA DIFFERENTIAL,1040.01
BAKEMON,1040.0
Team SGD,1040.0
RED TEAM,1040.0
HaoXiang Gaming,1040.0
Team Japan,1039.93
GE Fighting,1039.91
AVENUE Esports,1039.83
Italian Hope,1039.78
Ambrosia,1039.56
asians and stellar,1039.56
UNTAMABLE BEASTS,1039.48
MUYAHO,1039.33
BWG,1039.21
CGC UIC,1038.85
The Grid,1038.85
Gravitas,1038.47
Highground,1038.45
Tài Năng Trẻ,1038.27
PEI WAN E-SPORTS,1038.1
FULL SENSE SAPPHIRE,1038.05
next_viigraem,1038.03
Dobeg,1038.02
TheBAIS,1038.02
Killer Angel Girls ESC,1037.96
Vietnam,1037.94
Salt and Vinegar,1037.89
Sector One Wings Program,1037.71
FOXNGAME Esports,1037.62
REIGN,1036.89
Anata,1036.81
Chipi Chapa's,1036.4
Team Taimou,1036.34
Frag Ya Bag,1036.34
SaD Esports,1036.33
Froggers,1035.91
Team Aku Aku,1035.74
Team Mendo,1035.66
Team Mickalow,1035.61
Rapid Ninjas,1035.58
Lunatic-Hai Flax,1035.37
BTR,1035.3
LITHUANIAN UNITED,1035.27
Cyber Wolves Esports,1035.15
Untouchaballs,1035.14
FFQ,1034.88
Moist Moguls,1034.61
Team Underrated,1034.49
aNg DarkHorse,1034.41
ciszej,1034.29
Barn nong chok,1034.28
Serenity Black,1034.15
Destined,1034.0
Mad Science,1033.8
Asterisk,1033.73
NG.Black,1033.1
MUTED,1033.04
5NOOBS,1033.01
Monarch Effect,1032.97
Gaming Up,1032.74
:3,1032.62
Chapter 4,1032.55
Douyu Gaming,1032.31
Sekai,1032.25
Mik0nsDisciple,1032.24
Huat Zai,1032.21
B4 Esports,1032.17
THE HERO DETA,1032.08
Team Big BAAM,1032.03
Bjor's Kittens,1031.86
DIVIZE,1031.64
ORGLESS5,1031.56
Cave Canem,1031.51
Mystify,1031.31
Wingman Patrol,1031.12
DREAMCHASERS,1030.78
Procyon Team,1030.75
Team BDS,1030.62
Mercury,1030.56
B7 Warriors,1030.38
BREF,1030.29
M1syl and friends,1030.27
Valkyrae Gaming,1030.07
noOrg,1029.99
No Org Found,1029.55
MYVRA,1029.44
King of Gamers,1029.42
RATVI,1029.41
W Streak Esports Female,1028.97
ZOL Meraki,1028.9
Globant Emerald Team,1028.82
Morph Impact,1028.8
SUPER SHY,1028.8
OBK,1028.78
Giants G4E,1028.58
MAJSTERSZTYK,1028.54
HONK,1028.43
Cicadas Gaming,1028.39
TRAMPET,1028.28
Maryville University,1028.14
Akatsuki,1027.91
spongebob squarepants,1027.35
SOTZ V2,1027.27
Not WVU,1027.25
Bravado Gaming,1027.24
Christians Rottweilers,1027.17
ex-O2 Gaming,1027.16
Olympus Gaming,1027.07
paiN Gaming,1027.04
Mixery,1026.98
VVS,1026.92
GGmate,1026.82
All Ways Incheon,1026.67
이사가자,1026.66
REIGNITE Lily,1026.51
Veni eSports,1026.5
9z Team GC,1026.26
Legacy Esports,1026.23
FLUFFY AIMERS,1026.12
Argon Black,1025.77
Wombocombo Team,1025.44
franchise team,1025.32
Gwangju Shadow,1025.3
VCL REJECTS 2.0,1025.21
XX Chromosome,1025.17
NMDM,1024.84
Oden Kozou to Sekai no Otokotachi,1024.84
MLC Esports,1024.73
Nguyeners,1024.72
MEOGANG,1024.65
Arcana,1024.6
Young Nutters Club,1024.54
devils.one,1024.47
Big Bang,1024.45
Lost Eden,1024.36
LEVIATÁN GC,1024.3
QConfirm,1024.21
Team Demiral Esports,1024.04
OldTownRoad,1023.92
w o o p e r,1023.84
ZaPs Clan,1023.73
trying to win,1023.71
Excelsa,1023.54
Zen eSports,1023.53
unnamed,1023.46
Tactical Five,1023.42
Overkill Black,1023.35
Team dizzy,1023.3
All Aim,1023.29
Wyvern,1023.07
TooGoodForLan,1023.01
19esports,1022.86
Esport Generation,1022.86
MAD Army,1022.82
lintik kayo,1022.73
Santiago Wanderers,1022.7
Minaweebs Money Crew,1022.68
Balanced Esports,1022.67
LAGOS,1022.66
LOL,1022.59
Team Valor,1022.59
fOu Clan,1022.59
Oxyg3niOus,1022.56
Realism Esports,1022.56
Funkboings,1022.5
PuR eSport,1022.39
raeB's Anime Club,1022.29
BOBA,1022.23
Criterion,1022.2
Clanless,1022.19
Shaverma,1022.17
-sheesh-,1022.16
Winx Club,1022.16
Niory Esports,1022.12
iwnl,1022.11
No Hope Gaming,1021.95
Team Drone,1021.95
She's Broke We're Up,1021.88
Legacy GC,1021.86
CLB,1021.75
CrouchShoot,1021.73
5MOKES,1021.67
Run it Down,1021.61
Project X,1021.33
UCF Knights Black,1021.28
DELIRA Female,1021.27
PLAYMAKERS,1021.26
Renatus White,1021.24
X64,1021.23
SLOTS GAMING,1021.21
Amanda's Money Crew,1021.19
Unsold Stuff Gaming,1021.17
Spanish Dogs,1021.15
Indiana Hoosiers,1021.15
Trace Esports GC,1021.15
Blue Rose,1021.14
flopperfishers,1021.09
Funky Monkeys,1021.08
Shifty505,1021.08
One Percenters,1021.08
Team China,1021.07
Pound Town,1021.04
ShengJie Gaming,1021.03
eu e minhas mana,1021.02
Team Mahi,1020.88
swaglord9000,1020.81
ROX TEAM,1020.8
Project S,1020.79
Clinically Insane,1020.69
Antic Esports,1020.68
iladies,1020.66
Mogo eSports,1020.45
Alliance Coven,1020.35
black team,1020.28
Astro World,1020.27
Ballista,1020.21
shiba n the homies,1020.2
99Percent.,1020.19
Donoobs,1020.19
I.C.U.P,1020.09
Control,1020.04
Team Jordan Fisher,1020.0
Team fl0m,1020.0
God Squad,1020.0
Exalted Esports,1020.0
Viboras,1020.0
putsch,1020.0
TEAM MAIA,1020.0
ZyppanGoKill,1020.0
Running Dogs,1020.0
RvN,1020.0
Yes mies,1020.0
PASSAROS DO AMORS,1020.0
MOTHERBOARD THIEVES,1020.0
Flat White,1020.0
Wadidiots,1020.0
SALOH,1020.0
Equipe,1020.0
SUS SquaD,1020.0
driveBy,1020.0
Swedish Baguette,1020.0
3BL Esports,1020.0
Stim Beacon Boyz,1020.0
Island Boys,1020.0
I Cee Jay Too,1020.0
Landak Tropis,1020.0
EQ Cerise,1020.0
HEHE,1020.0
Team ethos,1020.0
API_GG,1020.0
ASU Maroon,1020.0
UMBC Black,1020.0
UH Premiere,1020.0
UML Riverhawks,1020.0
UH Alpha,1020.0
UTD Orange,1020.0
OKWU Eagles,1020.0
OTSU Esports Varsity,1020.0
hmmmmm,1020.0
Fisher Tea Party,1020.0
TMU Gold,1020.0
Laurier Golden Hawks,1020.0
REFRE5H,1020.0
d0gsafari2,1020.0
Maik Esports,1020.0
Calamity,1020.0
Team OfflineTV,1020.0
Sky Encore Esports,1020.0
Skyline Spire,1020.0
TXST Esports,1020.0
UC Irvine,1020.0
Looking for Sponsors,1020.0
Team Bunny,1020.0
botiki prada,1020.0
UW White,1020.0
The Ultimates Odyssey,1020.0
LAJOTA VINNY,1020.0
MAD Lions LAURË,1020.0
Team Tupperware,1020.0
Tussin Esports,1020.0
FIU Varsity,1020.0
Team Kanpeki,1020.0
Team Mãe,1020.0
Team East,1020.0
CONNEXT Fantasy 1,1020.0
Team Blue,1020.0
PRO MIX TEAM 1,1020.0
THE UNLOCKERS 2,1020.0
Team FiveK,1020.0
Team Vandal,1020.0
Team Ludwig,1020.0
골판지 전사,1020.0
We Live,1020.0
How Did We Get Here,1020.0
Life's a Game,1020.0
Team Ballistic,1020.0
The Mandem,1020.0
Gaming club,1020.0
sussy players,1020.0
Phenix Claire,1020.0
Halo Freyja,1020.0
Reformed Team,1020.0
Cop'EM Manila,1020.0
Balut Warriors,1020.0
raindrops,1020.0
DaiZhu,1020.0
YaoGuang,1020.0
Team f0rsakeN,1020.0
5HEAD,1020.0
Lootcifer,1020.0
THUGS,1019.97
Team KP,1019.94
erin e amigas,1019.94
Les Braqueurs,1019.92
LANPACAN,1019.91
FFT,1019.87
COUSINS,1019.77
Hanma,1019.75
Team Karma,1019.74
My Queen,1019.72
MJAOMODE,1019.7
Hazmat.gg,1019.67
VPZ,1019.62
Podnik,1019.6
frequency,1019.56
Adore Esports,1019.55
Friendlyfire,1019.54
OK,1019.5
LUSA Red,1019.47
Noble India,1019.44
4Real,1019.44
roughtimes,1019.41
PLATOON Belarus,1019.35
Team MysticX,1019.31
Unemployed,1019.2
Valiant PBL,1019.18
Scroll Lock,1018.93
Pentagon,1018.92
UBC Esports,1018.92
DKS Esports,1018.91
Infinite Esports,1018.91
Vanntastic Five,1018.89
DAT,1018.87
GnG Amazigh White,1018.85
Penguin Party,1018.85
Chick Fil Ayy,1018.8
We Love Women,1018.8
The Capitol Arise,1018.79
URACHACHA,1018.73
SZK Esports,1018.6
BEDEL,1018.51
H34DHUNT3RZ,1018.49
Insomnia,1018.48
PUNDAMONIUM,1018.42
Shingeki No Kyojin,1018.29
Little Kittens,1018.11
Team CIS,1018.09
Space Cowboys,1017.96
200 Policemen,1017.94
UT Dallas,1017.93
FunPlus Phoenix ZHUQUE,1017.91
fletcher fan club,1017.9
Ascendancy,1017.77
Dragon,1017.77
UCR Blue,1017.71
Scrounge and pros,1017.69
Van Dijk Fan Club,1017.68
Alternate Realities,1017.68
afterhours,1017.67
GGEZ,1017.64
Team bENITA,1017.63
Nitrous Gaming,1017.58
Team Tamilas,1017.43
KARMA,1017.33
ATROPELADOS,1017.3
BRATAN MIX,1017.17
Team Brave Soldiers,1017.13
Newstar,1016.97
Cyber Geek,1016.93
Chiefs ESC,1016.79
Brave,1016.76
Serpes Gaming,1016.76
scoobydoomix,1016.72
Falkol eSports,1016.7
Cappers,1016.68
VERTEX,1016.6
OG Brudders,1016.58
LOUD GC,1016.55
Team ANGE1,1016.5
Burton n Friends,1016.49
TBS GC,1016.35
Need Sponsor,1016.34
Karagümrük Esports,1016.18
0 Training,1016.12
Team Queso,1016.04
Neema's Money Crew,1016.03
Bay Area Vandals,1016.02
MIRONGA VIRUS,1015.96
Looking For Sponsor,1015.88
DIRETORIA,1015.85
Femboys,1015.79
playzone,1015.77
Jeremiah,1015.76
Country BoyZ,1015.72
Cage Triggered,1015.68
Lunaris,1015.66
SNHU Blue,1015.61
OSKARASEMTIME,1015.57
Team FRTTT,1015.47
GX3,1015.46
Team 28,1015.42
Nation Gaming,1015.39
Nerdnecks,1015.27
Badmental Badgame,1015.2
Sangal Rebels,1015.18
Jordani,1015.09
Team Influencer,1015.06
pew pew,1015.03
MMix,1014.96
Old Times,1014.96
Nigma Galaxy,1014.91
Run it Back,1014.89
South Built Esports,1014.87
Triumphant Song Gaming,1014.86
Wildflowers,1014.84
Team Duelist,1014.8
Capybara,1014.7
Tuzzy E-Sports,1014.68
AxX,1014.47
Sanri-O's,1014.39
Nongshim RedForce,1014.12
Team Valkia,1014.09
mix9,1014.07
LJG,1014.05
VALIANT GC,1014.05
Dark Passage,1013.99
Mizzou Esports,1013.89
Team Solaaaa,1013.88
down bad,1013.88
NOEZ FOXX,1013.72
Team Arrow,1013.56
ADHD,1013.36
Warthox Esport,1013.31
Team nookyyy,1013.26
Lariox Esports,1013.1
FishkaVTom,1013.08
SKADE,1012.89
Team MystiC,1012.83
Vandal Only,1012.79
Corn Valorant,1012.79
26 Rising,1012.71
Warriors,1012.65
VAC Kimchi,1012.42
RevoadaVLR,1012.3
Team Progress,1012.19
AWAKEN,1012.17
SV Empire,1012.14
Sandwich Eaters 40,1011.87
NOTHING2LOSE,1011.83
CBA,1011.51
Vivace Vista,1011.37
ANARCHY,1011.35
Kaos Latin Gamers,1011.33
iCEGunmandu,1011.22
NOITE PAULISTA,1011.0
Burgerville,1010.96
Illuminar Gaming,1010.76
nevermindgg,1010.67
Walküre,1010.42
zazemlenie,1010.4
Team Singularity Female,1010.25
Berzerkers Night,1010.12
Team Snakes,1010.1
MAD Lions KOI,1010.08
Juul Team 6,1010.05
IVAN,1010.01
What's going on,1009.98
FaZe Clan GC,1009.89
AROS,1009.8
StartedFromCS,1009.72
WOLFPACK,1009.7
RARE Esports,1009.46
Fear Eater Esports,1009.46
Frick Ya Bag,1009.21
OverPalaStrike,1009.18
No Org,1009.16
Heracles Gaming,1009.09
Santa Gang,1008.95
Team hz,1008.93
Father's Back,1008.87
Team NXL,1008.86
GermMy,1008.84
GoodVibes,1008.79
Team Moon,1008.62
UnderDogs Gaming,1008.39
Yutoru,1008.33
Tactical Throwers,1008.32
Professional Malders,1008.08
Y10.5,1008.05
SaD Purple,1007.91
Team FYB,1007.82
unjobbed,1007.74
UTT Esports,1007.68
instalocked,1007.5
Lucky 7,1007.48
BK ROG Esports,1007.43
Team France,1007.41
Magic Five,1007.33
GHR Lycoris,1007.31
Blue Otter,1007.28
Eye of the Tiger,1007.12
Les Sixz,1007.1
Bikini Bottom Pratahouse,1007.04
Stellae Gaming,1007.04
153,1006.92
Nezuko Gaming,1006.88
Reformed GC,1006.88
Arca do Marlow,1006.86
Nemesis,1006.83
UndeRank,1006.76
ZEN ONI,1006.74
TYPHOONS,1006.71
Elecbossa,1006.67
Wanderers Esports,1006.64
Trinity Five,1006.61
REiGN,1006.54
KLATWA,1006.53
DreamFyre,1006.31
マザゾディア,1006.31
Pepe E-Sports,1006.3
No Mercy,1006.15
MRKN,1006.07
Bon Bon Bum,1006.0
Here to Gamble,1005.99
VIKINGS Fourteen,1005.97
SuperStars,1005.9
Jays Finest,1005.83
Reckoning Esports,1005.69
BTR Fanclub,1005.63
Team ScreaM,1005.61
Ispíní Enjoyers,1005.57
jelly e amigas,1005.55
2red,1005.3
KOBIET,1005.24
FLICKBAITERS,1005.03
Renatus Black,1005.02
Getting Info,1004.97
Reveal Multigaming,1004.96
silhouette,1004.71
Peek Performance,1004.66
Shazoo,1004.6
Eintracht Frankfurt,1004.55
ShockDart,1004.48
MeT,1004.47
Sharper Esport,1004.46
DPE,1004.42
PING Cheetahs,1004.37
DSYRE Elevate,1004.35
EZclap,1004.31
Timing Monster Gaming,1004.21
IAM,1004.13
BASED,1004.08
Unity Esports,1004.04
Decisive,1003.91
Moscow 5 Academy,1003.78
chiu,1003.65
Wolfwood,1003.64
Project A,1003.5
Wings Up Gaming,1003.44
TotalePRO,1003.39
Obsidian Esports,1003.32
PENTA,1003.31
Lightning,1003.3
One Chance,1003.27
HIVE Valkyries,1003.26
Rugrats,1003.23
Rebirth Esports,1003.22
FT Silvxs,1003.22
unpaid dogs,1003.2
Seeker Esports,1003.11
SimpleMinecraftPlayers,1003.05
Swear To God,1002.96
RD E-SPORTS,1002.96
AIMPUNCH.,1002.87
Team cNed,1002.86
Paratroops,1002.86
Bad Boy Crew,1002.84
Kraken,1002.81
E9Sports,1002.76
Gorgless,1002.75
smart fellas,1002.69
Team Joy,1002.68
Team Davidp,1002.66
STELLAR,1002.65
FA,1002.64
Hamtori ZunDeZinx,1002.56
Lasagna Beam,1002.51
breadHUNTERS,1002.5
trashcan,1002.49
Tedward Gaming,1002.43
CCG Esports,1002.41
NAPOLYON,1002.37
Valorians,1002.35
Arctic Gaming Mexico,1002.31
SHHHHHHH!,1002.3
xCeed,1002.28
Activat3D Esports,1002.27
milenut hannie,1002.26
semTAG,1002.24
Arbalest,1002.22
Purr-fectionists,1002.22
5ynerG,1002.21
Szypko,1002.21
Windmill Isle,1002.2
Last Minute Heroes,1002.16
Bumble Bees,1002.11
Stars Horizon Vênus,1002.09
Techno Monks,1002.07
YourBunnyWrote,1002.04
Team mym_alkapone,1002.03
SeekingContract,1001.98
Paraplegic Buffalos,1001.89
Kitbash,1001.83
Team OGS,1001.83
Nonnegative,1001.82
Hey! Yakiniku,1001.7
WASTED TALENT,1001.55
Portuguesa Esports,1001.52
AtmosFear,1001.48
Lemonade Stand,1001.46
DawN,1001.38
TIAN DOGS GAMING,1001.37
PffxD,1001.34
Just happy to be here,1001.34
PROJECT XY,1001.26
Full Power Gaming,1001.22
Team Vernina,1001.22
Foreigners,1001.22
Dimonis Crew,1001.22
Gumkáči,1001.21
Gydom Galva,1001.16
Team Korea,1001.15
The Goose House Lunar,1001.15
CSUN Red,1001.15
GameCoach Academy,1001.15
Yacht Club Pink,1001.15
Gamax Lite,1001.15
Mercury Pink,1001.15
Reign Above,1001.15
YIPPEE,1001.15
Shidiots,1001.11
Fast Rush,1001.05
SaD GC,1001.05
NCBz Esport,1001.04
Sdobbies,1001.04
Fire Angels,1001.02
UnSigned,1001.01
+22,1000.96
9to5 workers,1000.93
CREST GAMING Stellar,1000.91
Kamil Klein new chapter,1000.87
Penguins of the night,1000.84
pasta fazool,1000.77
Mythicals,1000.75
mixup,1000.71
Tale Quale,1000.66
100Jobs,1000.63
TEAM INDIGO,1000.61
Glass Ceiling,1000.56
FULLCS,1000.55
One More Aves,1000.52
Quick Shots,1000.51
ZFGaming,1000.48
KÖSTEBEKGİLLER,1000.44
FUG,1000.32
Against All Odds,1000.27
Rainbow7,1000.14
Trees Money Crew,1000.13
Team RosieRiver,1000.12
oomfies,1000.12
+W party,1000.1
Chosen Clique Gaming,1000.1
Team Roquette,1000.09
Veni Vidi Vici,1000.07
DOPENESS Fluffy,1000.06
Siomai and Friends - Meraki,1000.04
CHAOS,1000.01
Making It Look Easy,1000.01
Infected,1000.0
All Aim No Brain,1000.0
Chaos Injected,1000.0
TheLateBoomers,1000.0
ResettingSleepSchedules,1000.0
MaD,1000.0
Team Paula Nobre,1000.0
Team kennymcc,1000.0
Nora-Rengo,1000.0
Omega Esports,1000.0
showlevel,1000.0
Taberna Yetitl,1000.0
5f09d1a2e6bcf,1000.0
Crazy Planet,1000.0
LFC GAMING,1000.0
WeLoveZeroTwo,1000.0
Gigabaiters,1000.0
Pushing Gaming,1000.0
Ravens EC,1000.0
Lawyers,1000.0
Team Quitooo,1000.0
10IQ,1000.0
Old Guys Club,1000.0
G5,1000.0
Toxic Five,1000.0
W KEY,1000.0
ROV Gaming,1000.0
MYTHS,1000.0
Law Firm,1000.0
OkerGG,1000.0
YkarY eSports,1000.0
The Dog King Neru,1000.0
Club Decennium,1000.0
Ecofraggers,1000.0
Team Carencias,1000.0
Feto Army,1000.0
RADIANT BEARS,1000.0
AIMØNYMOUS,1000.0
Peanut Valorant,1000.0
Zenturions,1000.0
High Fivers,1000.0
Spawn eSports,1000.0
w6,1000.0
INGREENWETRUST,1000.0
Los Sicarios,1000.0
Dog Pound,1000.0
VDM,1000.0
Team Agera,1000.0
Spectral Gaming,1000.0
Team Momentum,1000.0
hehe_,1000.0
Nerd Banana,1000.0
Sommium Esports,1000.0
Hydra Eternal,1000.0
Relep,1000.0
7sins,1000.0
gosu,1000.0
Elan,1000.0
SurrealpLay,1000.0
Kickompakhnet,1000.0
3P,1000.0
onemoretime,1000.0
k lo le pinta,1000.0
JeimonMx,1000.0
Up Bad,1000.0
Weeboo,1000.0
SIGNUS,1000.0
Runite Vintalit,1000.0
Last Evolution,1000.0
Tough Guy,1000.0
Problem Child,1000.0
An Phát Computer,1000.0
Vault Guardians,1000.0
Sea Of Valorant,1000.0
Team Legion,1000.0
Team Palomita,1000.0
Red Moon,1000.0
Project High Noon,1000.0
Drake Fans,1000.0
Uzhiki,1000.0
Team Jollz,1000.0
Team iiTzTimmy,1000.0
Egan is bad,1000.0
Team Shanks,1000.0
TAMU 12th,1000.0
Rochester University Esports,1000.0
Northeastern Black,1000.0
Akron Esports,1000.0
New year gym membership,1000.0
GREEN TEAM,1000.0
PINK TEAM,1000.0
Fisher Rising,1000.0
NAMELESS,1000.0
Crime City,1000.0
VIXENS,1000.0
Super Girl,1000.0
beastcoast,999.98
unKnown,999.93
Esports at UCD Gold,999.93
Beyond Stratos Gaming GC,999.93
Dwanes Ducks,999.92
Las Vegas Inferno,999.91
LT,999.9
Jesfrelho,999.88
Red Hot,999.87
CONNEXT Roster Hunt,999.85
Indonesia Pacific,999.85
N4PAS,999.84
Camioneros Valorant Club,999.81
Suspect X,999.81
PiP PiP PiP,999.76
Raftel,999.76
Washington Muscle,999.74
FuelCore,999.72
1T,999.71
Rizz Academy,999.65
Team Bachara,999.62
KJC eSports,999.61
SWARM esports,999.61
PAWN GAMING,999.59
KK Kazuki,999.58
Tarik's Allstars,999.57
A MMAGICA,999.55
Verendus,999.55
The Chug Jugs,999.54
OSKARAVELHO,999.53
Princeton Plainsboro,999.53
La Menace Fantôme,999.49
Goodfellas Gaming,999.46
FUSION,999.37
Medics,999.36
SSA,999.35
UxMi ACE,999.33
Discord Kitties uwu,999.31
Mod-Z,999.29
X Team Bo,999.28
The Noah Aiello,999.26
Frail Males,999.25
Radiant Esports,999.21
Goat Crew,999.21
UNLV Rebel Gaming,999.2
LRV Esports,999.2
mismashhh,999.19
We Overcooked,999.17
call it Luck,999.15
Husky Phantom X,999.11
mustahed mocking gaming,999.06
Blater,999.05
BASISSIX,999.03
9xxx,999.02
ILLICIT,999.01
Rhyno Esports,998.98
Team Tiffae,998.98
Cairo City G'zzz,998.97
Kimchi Fried Rice,998.97
Wingman Warriors,998.95
não temos um plano,998.94
Boise State University,998.93
Team Shroud,998.92
ELNiS Esports,998.92
BHOP Esports,998.87
Team GP,998.85
Team AverageJonas,998.85
DNC Gamers,998.85
Riley Rabbits,998.85
LILITH,998.85
1337va,998.84
Team Slandy,998.84
Treinão do Fra,998.83
StarS,998.8
Colossal Black,998.8
riribunobsumi,998.79
THANATOS,998.78
ElBlast GC,998.78
CSUF Orange,998.76
KOPFSHOOTAZ,998.75
TAMIU,998.74
McD Cashiers,998.74
RETIREDGAMERS,998.74
Team TriVec,998.73
The Nacho Shrimps,998.73
Beyblade Ninjas,998.72
HIT gaming Chloe,998.68
Békéscsabai E-sport Egyesület,998.67
TAMU White,998.64
BABYSHARKZAZAS,998.64
CPP White,998.63
GVNG,998.6
rice and meatballs,998.58
VASTA Gaming,998.56
SIGN US,998.56
FYB v2,998.56
LFS,998.55
Tokyo Revengers,998.51
FS Esports,998.48
Fakezin de cria,998.39
BFG SAKURA,998.37
Ambition,998.34
Heretics,998.32
LGI,998.27
Toms Kittens,998.27
Sasanqua,998.26
Team DylanteroLIVE,998.23
Bald Babies,998.21
Insert Name Here,998.15
REVIVAL,998.15
Sharp-Clan,998.14
Raven Esports,998.14
E Kittens,998.09
The Dealers,998.09
Urubuzada e-Sports,998.05
Casaless,998.03
Divided Sons,998.03
QLF Clan,997.99
Omni Performance SD,997.99
FIU Valorant,997.98
Team staxvlrt,997.97
flawless,997.96
Barely Acceptable,997.95
junummer,997.95
ENTS,997.95
EthanK Fan Club,997.92
NOMAD,997.92
Digheads,997.9
Rumor 2.0,997.89
GRANIT GAMING,997.88
CpG Waifus,997.88
BubatzBuben,997.88
Grilled Cheese,997.87
Wolfix Gaming,997.84
alexa's pogchamps,997.84
Team LuZi,997.83
The Reaper,997.83
TMG,997.83
Showstoppers,997.81
twitter drama,997.81
Philthy,997.8
Converse Purple,997.77
special grade,997.77
Neptune's Money Crew,997.77
Van Lyn Black,997.77
ExPandable,997.76
les piments,997.73
zesty's money crew,997.72
Team HyP,997.71
Chilling in Space,997.69
Aricat Esport Academy,997.69
oogabooga,997.68
Spacestation Gaming,997.67
Onlyfans,997.65
OnlyPain,997.65
Team Sudesh,997.64
Leftovers,997.59
InControlNation,997.59
FULL BOX 200,997.59
Team Fearoth,997.58
Hydrated,997.55
GNR Esports,997.52
Chicago NightPack,997.47
Hyperactive,997.46
DAVR,997.45
No Salary Peek,997.45
chily's dream team,997.43
Victorem Esports,997.42
Donkey Kong,997.39
Ego peekers,997.35
Mythoclast,997.34
Deadlife,997.33
Face Off,997.33
GEEKZ ENERGY eSPORTS,997.3
Dasnerths Demons,997.18
Gonzo Gaming,997.15
6045Pirates,997.13
Aristocrats,997.12
OMICRON,997.12
Spawn Camp,997.09
Ignite Beyond,997.09
Comet Esports Club,997.08
AFTERMIND,997.05
ELUSIVE,997.05
Burger Gaming,997.04
Hi Shin,997.0
L4O,996.95
Cosmic Chaos,996.95
99 Problems,996.94
GEEEGEEE,996.93
Team Opulence Black,996.91
Corinthians 1920:1080,996.9
ORO Esports,996.88
Zeal,996.84
Team Blank,996.84
TEAM USEC,996.82
Remember Me,996.8
Weenie Hut Jr,996.8
Galaxy,996.78
5up,996.77
Asian and Co,996.77
LBS Esports,996.75
Psych Ward,996.74
R!OT Gaming,996.7
Last Dance,996.67
TurningMecard,996.64
Lycandolt,996.62
ALBION GC,996.62
NBP,996.59
Ottawa Braves,996.56
IVC White,996.52
VESPA,996.51
ZooWeeMaMa,996.5
Huh,996.48
MEDUSA,996.46
F5 Esports,996.41
Orange Borange,996.38
Bún bò Huế,996.37
Avocados Team,996.28
Wolves X,996.25
Mochi Fanclub,996.23
Crescent,996.22
Goofy Gremlins,996.2
Let Us Cook,996.18
DualMedia Esports,996.16
CE Calling,996.12
Bunkergg,996.11
Happy Accidents,996.11
Mamba Mentality,996.07
Method2Madness,996.04
DRMZ Esports,996.03
LGD Gaming,995.99
Kaos Next Rüya,995.99
PugChamp,995.94
LucidX,995.88
Kahoot,995.85
Guinea Pink,995.85
Sila4i,995.85
seleção,995.81
James Madison University,995.79
Syndicate Academy,995.77
OutAimed,995.76
Tundra Esports,995.76
Kalash,995.74
Eternals Gaming,995.74
Tummy Ticklers,995.73
Fishing Rods,995.72
eMonkeyz Club,995.71
Nebula,995.7
Team Opulence,995.68
Orkestra,995.67
Cube Esports,995.64
Voltage,995.61
Team woooo,995.61
Vorax,995.6
FeaFeaFea,995.59
Sahangiller Espor,995.55
Spanish Leftovers,995.54
StunZin5,995.54
Pochinki Predators,995.53
Nice Cars,995.53
The Clappening,995.51
Unsigned Losers,995.51
Zealous,995.51
Scooby Gang,995.49
IRIS,995.48
Bucky Bandits,995.45
Matching Numbers,995.43
Fusillade,995.43
Overwatch,995.41
skoll,995.41
Team Spain,995.4
Stealth,995.39
Boondock Bandits,995.33
Washed Players,995.31
Full Sail Armada,995.3
Celestial Violet,995.29
SLU Esports,995.2
big pizza,995.17
MAJTKOMAT,995.17
SAIDEIRA ESPORTS,995.15
AU POINT,995.1
RipNTear,995.09
banana boys,995.05
Oddyssey,995.0
Team gob b,994.98
Victory Formula,994.98
NXT,994.97
Highschool Dropouts,994.96
Little Legends,994.96
Sengoku Gaming,994.94
Jit Lickers,994.93
Lobster Car,994.92
Praeditus Gaming,994.92
Unspoken Rizz,994.92
XDDDD,994.89
Dethroned,994.88
PROPARTY,994.86
Extenzy Gaming,994.85
MELIOREM,994.85
Noxus Pro,994.84
STORM,994.79
MCES,994.76
One Mom Four Kittens,994.76
Injected Sheesh,994.74
Quackers,994.72
slime slats,994.59
Watermelon Warriors,994.58
Argon Esports,994.55
Neebs and Weebs,994.54
WrGaming,994.51
Team Up,994.47
Chosen 1s Black,994.47
pepecool,994.43
cute fat boys,994.39
Xenom com M,994.32
UCF Valorant,994.3
MeowMeow,994.3
XcN Gaming,994.28
Team Front,994.19
blaendet,994.13
REGEN,994.12
Hungarikum,994.11
SIZDIM BEKLE,994.09
EMOJIPOUCE,994.06
Team Frog,994.04
Aerial Academy,994.04
South East Movement,994.01
Eternal Fire,993.98
36NUMBER,993.91
Team Rose,993.89
Narly Narwhals,993.82
Moose Knucklers,993.7
2Faced,993.7
Solstice,993.68
THE SHABLES,993.66
RunDownMid,993.63
Demon Time,993.62
VeViCi Esports,993.59
Darkness,993.58
AUTOCRACY,993.55
RatTurtleSquid,993.53
Genbrugsbutik,993.53
Proximity,993.52
NO CONTRACT,993.51
Boba Boys,993.51
Perfect World,993.47
IDEK,993.46
COPPER BLUE OVALS,993.33
Looking For Org 2.0,993.33
FDP Esports,993.22
MXB South Side,993.2
DaBaby Clan,993.19
Jellyspotters,993.19
the boomzers,993.13
Team Cyanide,993.09
Team AIYA,993.05
CZECH REPRE,992.98
Feel the Wood,992.98
Einheit,992.94
PAEBAT,992.93
Tàn Dư Esports,992.93
Aquatik,992.86
Lords of Heist,992.85
All Day Long,992.82
Tufts VaLULrant,992.82
SHIKIGAMI,992.8
Xplicit,992.79
esports team αD,992.77
325,992.75
Team Crushed,992.73
atreus,992.73
Flying Pigs,992.73
TetraEsportsGG,992.72
Sunday's Best,992.64
BAG8,992.61
Want It Gaming,992.6
Bonde da Loli Careca,992.48
OW Refugees,992.46
Intensity,992.39
boomertin,992.39
WYLDE,992.36
Elevation,992.35
Granjeros,992.32
Refrag,992.32
Extro,992.31
Fastelle,992.28
Pridestark Empire,992.24
ThiccWRECK,992.18
Amarok Esports,992.17
604,992.17
fastmix,992.16
Fallen5,992.14
Soldados de Lembo,992.12
Bang Average,992.12
Magma,992.08
Swagoi,992.07
ifyouhappy,992.06
LOS VAGOS,992.02
Phoenicia,992.0
Free Agents,991.98
DEATH ROW,991.92
kokot,991.88
Csopipaki,991.81
Poised,991.8
OtherSide Blue,991.8
SFU Pink,991.77
Elo and Muscle,991.75
Siko,991.75
UnderDogs,991.74
"Stay Small, Stay Second",991.72
Worst Generation,991.72
MNA ESPORTS,991.7
timberknicks,991.65
Hoax,991.62
Varsity Club,991.59
Super Weenie Hut Jr's,991.58
STREET SHARKS,991.54
AoeXe,991.45
Illés Akadémia Spirit,991.41
Cruzados Esports,991.4
Space Bound,991.35
Sk8tr Boyz,991.31
Sissi State Punks,991.29
Nester,991.23
Raptor,991.23
Limitless,991.19
Discord Kittens,991.17
Ambitious Legend Gaming,991.15
Dark Matter Purple,991.13
TMU SHORTYKINGS,991.12
Outplay Uprising,991.07
APEX PEOPLE,991.06
K10,991.06
Somalia,991.05
S2K,991.02
Polarity Esports,990.99
clownz,990.84
Dewa United Esports,990.84
l3wnadowski,990.82
1Rule,990.8
Endear Sol,990.8
Taunt,990.77
Anonymo Esports,990.76
RILLAS,990.76
goth boy clique,990.75
Big Hot Men,990.73
Team Eros,990.72
CG,990.7
Vade Esports,990.64
Azure,990.62
Sausage Party,990.55
noFEAR,990.55
Reckless Lads,990.54
RIT Orange,990.49
Team Very Atrocious,990.45
Project CORE,990.4
East Hill,990.39
mhm,990.38
DownBad,990.36
90 KG,990.34
RegimentZ,990.33
PEEK Gaming,990.28
Funee Monkee,990.28
mozzy,990.2
Academy BTW,990.19
notbuiltdif,990.15
VALORANTPT,990.1
Team Popeller,990.07
PointAndClick,990.06
NOM LEGION,990.01
Rex Regum Qeon,989.95
BEDELSİZ,989.92
KG Network,989.91
GodSpeed Gold,989.91
Niegrzeczne,989.86
DivisionX Gaming,989.79
Exsto Gaming,989.78
aaaa,989.76
There is no tomorrow,989.76
Project !,989.74
StarlessGG,989.72
ex-Timing Monster Gaming,989.71
Scythe of Seraph,989.65
Bababooey,989.64
ZMM White,989.63
In The Lab,989.62
Hungkuang Falcon,989.6
Mamacita,989.59
glip,989.58
DeToNator,989.57
Code7,989.56
DIVAN,989.52
SunnyBeach,989.51
HEET RED,989.48
FAWES,989.46
Godalions,989.44
asdf,989.39
TLM Empress,989.33
귀여운 시키모리양,989.26
SUPERFLY,989.23
Ludus Sports,989.17
The Mafias EAID,989.13
Titan Esports Club,989.11
Acolarse,989.1
Altered Edge,989.07
Virtue Gaming,989.02
YoungTalents,988.95
revoada,988.93
JMNY6,988.78
MoBuckets,988.73
TN Esports,988.73
ROG Esport,988.71
Brotherhood of the Five,988.71
SAUS,988.69
Diwan,988.67
BuffoMix,988.62
The Barbers,988.62
FBM,988.58
MystiC,988.56
Zero Risk,988.51
VKNATA,988.5
gucciGANG,988.5
Intel New Indians,988.49
Anime Aimers,988.47
RED5,988.4
samelol,988.4
vSlash Esports,988.37
Fear Legends,988.35
TGS aXe,988.29
BLOKES,988.27
Big Backwoods,988.26
avg25iq,988.25
95x Black,988.23
Recon 5,988.18
Solstice Esports,988.16
Anuncie Aqui,988.08
O.O.D.A Loopers,988.05
Saber,988.02
Excel,987.99
eUnited,987.99
Las Palmas Unity,987.99
RE:L,987.96
717 Monster Esports,987.94
Explicit,987.89
ZENITH,987.88
Pure,987.87
All Born to Clutch,987.87
Karma,987.86
Grind Time,987.83
Deviant Topaz,987.83
Velox,987.75
UST Esports,987.72
Team Kobolds,987.72
Achieve,987.71
Laterious,987.71
Retake,987.67
HERO Esports,987.65
Straight Outta Retirement,987.59
CONDORIT0,987.58
Pug Gods,987.53
Kolossus Academy,987.53
dogsafari,987.52
RyZe Esports,987.52
XYZ,987.51
Grimz Esports,987.5
Buffalo,987.5
Firepowerless,987.49
Waterbottle,987.47
PATATERA SQUAD,987.41
Loafing Cats,987.39
WATAHA,987.36
Wook's Academy,987.34
HellCats,987.33
invincible gc,987.32
cis killers,987.3
The Anime Squad,987.25
Goats and Glory,987.24
Carnos Arks,987.23
Thrifty,987.22
a culpa e das estrelas,987.21
A-Team,987.19
OverAchievers,987.16
Ferrari Peek,987.14
Esports Team Twente,987.11
Desire Rising,987.1
Weda Esports,987.08
Sapphire,987.08
Team GMM,987.07
Patriots,987.06
Pichon Bellaco,987.01
OutRage,987.0
4fan,986.99
RIZON Maki,986.96
Monkey Stars,986.91
Team Sprel,986.85
Team Punished,986.82
asian summer math class,986.82
YMCA Esports,986.8
NBKS Titans,986.8
Ryze Gaming,986.73
Caught in 4k,986.68
BRACE LaM,986.66
Refugee Camp,986.66
GamerDuderGuys,986.63
NBKS Mercenaries,986.63
GEKO GEKO GAMING,986.62
Young&Old,986.6
sameROFLMAO,986.6
Thanos Mug Academy,986.6
Gunslingers,986.59
mixenergy,986.59
みぞもりゲーミング,986.59
AVESTA,986.57
SUPERMASSIVEBOTS,986.57
Mist Walkers,986.55
Dewa VVV,986.54
Team davidp,986.48
SUPREMACY,986.42
idkman,986.41
The Stream Team,986.39
Trace Esports,986.39
wafflemakers,986.37
WNF Esports,986.32
Hitbox,986.28
DRX Changers,986.27
Insight,986.26
Stunned5,986.26
Sinfvl,986.23
Vincit Gaming,986.22
blablabla,986.21
V,986.21
Honvéd Esport,986.16
DREAM.GG,986.16
TwentyStars,986.11
Why So Serious,986.09
FinalFormHQ,986.08
Final Form,986.06
Damaru Gaming,986.03
Momentum,986.02
DEVOTEES,986.01
THE FIVE EMPERORS,985.98
VAMOS eSports,985.89
Team NoM,985.85
Static,985.82
Easily Upset,985.74
BULLS Esports,985.73
DUPG Esports,985.71
FARESHI,985.67
MEW2,985.67
ziKapangas,985.66
BOSS-Reformed,985.62
Hidden Fang,985.62
I Need Money,985.6
IceWolves Esports,985.58
Hello Kity,985.53
Team Cohesion,985.51
Soul Free,985.51
Cavalry Esports,985.49
4Q,985.46
Carti World,985.45
TempesT,985.38
Ramboot Club,985.32
Truly Humble Under God,985.32
Hitmen,985.3
MOTV,985.29
Yasei,985.28
5 Yung Drillas,985.26
Sinop,985.26
DOODAY,985.25
FlashDash,985.25
Nana's Biscuits,985.2
1994 TOYOTA SUPRA,985.17
Valorando,985.14
EXEN Esports,985.12
Capacitanes,985.11
EDO TENSEI,985.11
MiBH,985.11
EX-Killabeez,985.1
Jenerators,985.1
Derrek's Dawgs,985.1
BaTagoR,985.09
Fenix Gaming,985.05
BC SWELL,985.05
Bingueiros,985.04
PROJECT K,985.02
CSULB Black,984.99
Pacific Gaming,984.97
Parek v rohliku,984.96
WHITE TIGER,984.95
GodLAN,984.88
RTG eSports,984.87
Waifu Warriors,984.84
Ignisoul Gaming,984.84
Vipes Anime Crew,984.82
Capybaras,984.81
Imposto é Roubo,984.8
One Shot Esports,984.78
bagels and donuts,984.78
OLIMPO,984.76
Crazy Hamster,984.75
Mustang Gaming,984.75
HOIIIIYAH,984.75
mluos munchkins,984.75
UNFAIR,984.73
42C Crayola Pack,984.73
Vertexo,984.7
OIL,984.7
MishMash Gaming,984.69
Evolved Gamers,984.69
Overtime Esports,984.67
NOSLEEP,984.64
Infamous Gaming,984.63
Team Volpid,984.63
RedPACK,984.62
La7zag Esports,984.61
Cookin Papas,984.57
Team PAGO3,984.54
Invictus Gaming Academy,984.54
Monsters Have Hearts,984.53
Redragon,984.51
Harmony Opal,984.5
b Tang,984.49
Dreamwalker,984.48
GFuel Krabby Patties,984.46
Squishy and Friends,984.45
The Demons,984.42
DiaXmix,984.41
dotExE,984.38
MELiNA,984.35
Purpose Gaming,984.34
EGO Media,984.33
ET White,984.32
Focus e-Sports,984.29
RIFLE CRUTCHERS,984.26
FlyToMoon,984.25
Aggie Gaming at UC,984.23
Surf Esports,984.23
PSISTORM,984.22
Momentum Based,984.19
Pasquallys Pizza Posse,984.19
Kommando Howl,984.19
SCYTHE NWJ,984.19
Ambitious,984.18
Purple Team,984.18
AGAiN,984.16
8Pancakes,984.16
Fortnite Fraggers,984.11
Regans Gaming,984.11
Allware,984.1
tryouts,984.1
Clarity Esports,984.1
Beta Irons,984.09
Triumph,984.07
Legendary Donkey Destroyers,984.05
Sovereigns,984.05
Team blackelespanolito,984.04
AURA Violet,984.04
Free Sign,984.02
OG4Z,983.99
EZ KATKA,983.94
BALANCED?,983.85
Nutrl,983.85
666,983.79
Team Reapers,983.72
99th team,983.69
Natural Selection,983.69
AERA,983.68
N0thing To L0se,983.68
Dewa United Esports V3,983.67
Fox Wizards,983.65
Skelp Esports,983.65
FTW Red,983.65
Circe,983.63
Aerstream Esports,983.63
KASTIRALIS,983.62
AOE Zoomers,983.62
TideWater Esports,983.52
LFO,983.52
AKA HERO,983.52
Offlimits,983.47
London Esports,983.47
NEBULAA,983.45
Brain And Friends,983.4
Rice Burrito,983.38
FragHunters,983.37
ArchNemesis,983.33
SKULLIES,983.33
Team Calango,983.31
ENDER DRAGON,983.31
Full Flashed,983.3
6Kings,983.29
We Need Org,983.27
Raw Dawgs,983.26
Team Tom,983.25
Galaxy Racer Female,983.25
OWA OWA,983.23
Sad Girls,983.23
PM,983.22
IQ White,983.21
Kawaii,983.2
ONi,983.2
Bloodsport,983.18
NYAN ESPORTS,983.18
Team Mithrain,983.17
No Fear,983.17
VIVIFY ESPORT,983.16
imnot,983.15
Rating Greatly Decreased,983.12
NoPracc,983.11
Øutsiders,983.08
Stuverance Esport,983.08
레.스.고,983.08
FazTeuHype,983.05
On Top Soon,983.04
Jujutsu,983.02
FYB,983.01
Syrup Slurpers,982.95
RABBIT NOORG,982.95
Team 7,982.9
Bandit ESC,982.89
VIRGINIA 1,982.89
EZBake Clan,982.88
TC Arise,982.87
Coconut Crushers,982.86
lavender boys,982.85
Zero MarksMen Silver,982.84
Divine,982.83
Retake Mid,982.83
Schat'z,982.82
Chuaks,982.82
Looking for team,982.8
Odyssey Atlas,982.77
Battalion,982.77
Team TEA,982.67
AVALON Gaming,982.66
Demise,982.65
Vertical Seven Esports,982.65
Paradise Esports,982.65
DRIFT,982.63
FALTAM 2 MIN,982.62
puGG,982.62
Eternity Gate,982.6
GIVENCHY PARIS,982.55
5KS eSports Club,982.55
Overt,982.54
Good Morrow,982.54
Red Eye,982.52
Team United Kingdom,982.51
A SEITA,982.49
Digitroni Esports,982.49
JNS Gaming,982.49
FURY,982.47
Akuma Esports Black,982.44
100emoji,982.43
Outlaws,982.42
BLUEJAYS Frates,982.42
No Shot,982.42
Anavrin Esports,982.42
LG Terra,982.41
romi n frends,982.41
PK,982.4
Vendetta,982.4
Patron,982.39
Sweet and Spicy Cajun,982.38
Elektronik Denetleme Sistem,982.37
Fenda Dos Streamers,982.35
Six Figures,982.35
Creator Gaming GC,982.35
el bdoon,982.34
epic gaming,982.34
HARD Esports,982.31
JSD,982.29
Team Ryux,982.29
Team ocheon2,982.29
Team BRNWOWZK1,982.29
Team YamatoN,982.29
pick me up,982.29
SGA Incheon,982.29
BANDYCI,982.28
Overkill,982.28
Cumberland Phoenix,982.27
FREEAGENTS,982.25
Kulin Esports,982.25
LULw,982.23
Venomy Esports,982.23
SANRIO,982.22
EGO BOYZ CLUB,982.21
6'4 fully tatted,982.21
Shoguns,982.21
BLUEJAYS Hunter,982.2
Aether Esports,982.18
LionHeart,982.17
ROSE,982.17
TRAUMA,982.16
Invicta,982.15
XStealers,982.15
Agentes Livres,982.13
Dawn of Stars,982.12
Tenacity Pro,982.12
Lanboken,982.12
Orgless22,982.12
Sleepless,982.11
Achieve Esports,982.11
Square Nation,982.05
ABC Boiz,982.04
NBKS CENTURIONS,982.04
Ackerman Team,982.04
MINDCONTROL,982.03
Away from Kitchen,982.02
Pulsar Blue,982.02
Fresh Off The Boat,982.01
Decent Esports,981.99
BabyJ Esports,981.99
Team Lothar,981.98
Boavista FC,981.93
Team Unicorn,981.92
bob l'eponge,981.89
T1 Korea,981.87
EDP445BROS,981.86
Serenity Esports,981.86
Proven,981.85
Appa Yip Yip,981.84
Team Puñeta,981.82
Unknownpros,981.8
4FUN,981.79
Caffeine Fiends,981.78
fReya,981.78
Xinh Gai Tay To,981.75
Vision Esports,981.74
Rover,981.73
Gamerbots,981.73
DEFY Gaming,981.73
Out the mud,981.71
화나면 물어요,981.69
Fuego,981.69
Retired Flavour,981.66
FlyMatez,981.65
NoMercy,981.64
MTP Esport,981.64
QQQ,981.64
Phenomenon,981.63
Capacity,981.63
GenZ,981.63
HalfBliss,981.62
ever.wc,981.58
NOGAS Esports,981.58
KPI Nation,981.58
HyperSpeed Ruby,981.57
DXA Esports GC,981.57
Forsaken,981.54
Morumbi,981.53
Aion Esports,981.52
PROJECT X,981.52
chess on crack,981.52
Zercus Esports,981.51
Saplak,981.49
Valee Thai Esports,981.48
Onfire Team,981.45
InetGamer,981.44
CSUN Black,981.44
Throwers,981.43
Stellae Academy,981.43
Ice Donuts,981.37
Feel So Good,981.37
TBA,981.36
Armory Aresta,981.36
XENEX,981.35
Cuddle Gang,981.34
Banbind,981.33
fostercare,981.32
Goldencat Gaming,981.3
KING OF SELVA,981.29
Celestials,981.27
Dangerous Rose,981.27
Copium,981.26
DrAgOnZz,981.24
Team Godzilla,981.24
Tulane University,981.24
ULTIMATE,981.23
Przejazd,981.23
reserv,981.22
Team vakk,981.22
Team Assassin,981.21
MinD,981.21
ARBIES,981.2
Team Kittenz,981.2
MIXX,981.19
ex-Team Bliss,981.17
RSG,981.16
Nerd Emoji,981.16
Team Sonii,981.15
NujnaOrga,981.15
Team Aceu,981.15
Tropa do Enguiça,981.15
Thane Peek,981.15
Cicka123,981.15
AnimeSquad,981.15
Twin Esports,981.15
AYO GameOn Esports,981.15
Team Pacify,981.15
DG Esports,981.15
Ka4 e-Sports Club,981.15
XFlow Esports,981.15
Bnat Char9i,981.15
404 Multigaming,981.15
VALONEWTONS,981.15
furi+4,981.15
Early Access,981.15
Team Emuhleet,981.15
Urban Beauties,981.15
CSULB Gold,981.15
I Miss her,981.15
York University Lions,981.15
Miracle,981.15
BAD SAD AND MAD,981.15
LionsCreed,981.15
BOOMBA ROSA,981.15
headhunters,981.15
Team Ketarys,981.15
Kunai Esports FEM,981.15
Special TiGers GC,981.15
Offenders,981.14
MERAKI,981.14
Believers,981.13
Relaxedly,981.13
Scooby Doo Gang,981.13
kd negativo,981.12
RyZe Eclipsa GC,981.12
eXiLe Academy,981.1
karma and friends,981.09
KRAKEN ESC,981.08
OD Gaming,981.06
CONCENTRA SOVA,981.03
BAR100LONA,981.02
Gamer In Real Life,981.02
Dunking Crazy,981.01
HA`KARANTINE,980.99
BRACIA,980.98
Dem Boys Cold,980.97
Revolution,980.96
$10 DM FEE,980.95
mfs,980.94
WanteD,980.93
PDS Esports,980.93
GrindSky Esports,980.91
ShadowzGG V2,980.9
Chosen 1s,980.9
TLP Peach,980.89
MiTH.Streamer,980.88
RATAO,980.87
Without Org,980.86
Hope,980.84
CGN Youngstars,980.83
Lumine,980.82
Random Five,980.8
ET ELLER ANDET FEDT,980.8
Team Focus,980.8
Banditz,980.8
Weeping Angels,980.8
Elite Vigorous,980.77
Feel Your Play,980.73
Xu Gang,980.73
La Têto,980.71
VantaBlack,980.7
Ronin Team,980.69
Team Lightning,980.68
We Dem Bois,980.68
Los Vigentes,980.65
Redsea Esport,980.62
ZABB,980.61
Team Leveling,980.6
be Logic,980.57
TOP GUN,980.57
KOUD’KOUTO,980.56
Interpol,980.54
Adept esport,980.53
Andy's Farmers,980.53
Avengers,980.51
Guasones,980.5
Dead Orbit,980.5
CLMRT,980.49
Athena,980.49
Merge,980.45
Flash and Dash,980.45
UCLA Esports GC,980.45
Dark Matter Black,980.43
Hero Zero KDA,980.39
JustSoldiers,980.36
BreakThru GC,980.35
indepeNdent,980.33
Demigods @ UCSD,980.33
4Real Hurricane,980.31
Supremacy Gaming,980.3
Sac State Hornets,980.29
Noctis,980.29
supremacy,980.28
FroztFire,980.27
Slay Them With Respect,980.27
Team Starlight,980.26
Shock Unit,980.26
Novavirtus,980.23
Anaadi Army,980.23
Creme brulee,980.19
Orgless 5,980.19
Clicken Chickens,980.18
Labyrinth White,980.17
DNA PEEK,980.14
xaprala,980.14
EFuture,980.13
5Dogs,980.12
GOLDEN5,980.09
LilBabies,980.09
Sophie's children,980.08
Lethal Grinders,980.07
NOT SNP,980.07
RD Esports,980.07
The Dush,980.07
Red Eyes,980.07
Elysium Rose,980.06
Saviors,980.05
Triplers,980.04
MSR Esport,980.03
NoNameRabbit,980.03
CROUCHSHOOTERS,980.02
Mkers,980.01
Madness,980.0
SELFMADE,980.0
Team Nordic,980.0
SWOLE PATROL,980.0
i miss her,980.0
GodSpeed,980.0
LAVEGA esports,980.0
Team RobertoCein,980.0
Team bnans,980.0
Team StPeach,980.0
EGEL,980.0
Team DuendePablo,980.0
Vanish,980.0
small soldiers,980.0
Team Yelo,980.0
ShinoBee Gaming,980.0
ROX Gaming,980.0
Eternity Esports,980.0
Knights of Bizertin Rise,980.0
Stade Tunisien Esports,980.0
ex-WaVii Team,980.0
Simplicity Gaming,980.0
XTEN Esports,980.0
i95,980.0
Olav,980.0
K1CK,980.0
street's sentence,980.0
Carpet Cleaners,980.0
Eternal,980.0
SHAKA BRAH,980.0
BigBrainDOGS,980.0
defkon,980.0
Shawty Gamin',980.0
On'Verge,980.0
desu,980.0
LOVEBUG,980.0
EXODIA5,980.0
Pendragon Cyber,980.0
GodSquad,980.0
VERITAS VINCIT,980.0
GoAhead,980.0
tAfz,980.0
Builders,980.0
Last men standing,980.0
Fekyx Esports,980.0
Flawless,980.0
Team Singapore,980.0
random5,980.0
Ambush,980.0
Far East Society,980.0
earnings: 0,980.0
South,980.0
CH1LL,980.0
Santino,980.0
RevX Necrosis,980.0
Penn State University,980.0
Royal,980.0
steven edge le,980.0
pokas ideia,980.0
Vital Force,980.0
NoNameG0Ds,980.0
InFernal,980.0
feelmyhack,980.0
Catalyst Esports,980.0
Challenge,980.0
Fiat Lux,980.0
Emerald Gaming,980.0
DIRTY,980.0
NoKap,980.0
Occamy Omega,980.0
Team Z,980.0
Team pipsoN,980.0
VIIIJNIIIIIIIIIIIIIIIIII,980.0
Pepeggas,980.0
Nasty Ninjas,980.0
Smooth Criminals,980.0
LANCHILLERS,980.0
leões da Ranked,980.0
wesh guys,980.0
Digger Esports,980.0
hej patrik,980.0
ÉPEGADINHA,980.0
Obstacle,980.0
aim hor$e,980.0
Bencheados Academy,980.0
NoBordeR,980.0
Angels,980.0
Radiant Roombas,980.0
Wolves of Hell,980.0
Esquema Único,980.0
Mark Five,980.0
badcovid,980.0
VK Gaming,980.0
ChesterNo,980.0
MROrgless,980.0
PAJACE,980.0
EMPEROR,980.0
Zero Synergy White,980.0
Broskis,980.0
swieca mix,980.0
Physical,980.0
Synergy Esports,980.0
Team SMOKER,980.0
Team NoX,980.0
jaba,980.0
ALFA Esport,980.0
CANAVARLAR,980.0
cuties with cooties,980.0
50LANDING FANCLUB,980.0
Bewds Beautiful Bots,980.0
Weeb Dream Team,980.0
gudetamas,980.0
TLP & Friends,980.0
Big Gains,980.0
RAWR xD,980.0
Bleiz,980.0
Prima Esport,980.0
5 Randoms,980.0
Cursed Team,980.0
REVOADINHA,980.0
Friendlings,980.0
Flow,980.0
v0rteX 5,980.0
Antalyaspor Esports,980.0
Game Dimension Esports,980.0
Admirals,980.0
Bunker Esports,980.0
Dynasty ZRAW,980.0
LCVS esports club,980.0
TUMT,980.0
OS GURI,980.0
Olympus,980.0
ITALIANO,980.0
Europe Savios,980.0
POISON CLAN,980.0
Team VS,980.0
FearSlay,980.0
Macacos Bovinos,980.0
Team BELEAGUERS,980.0
Bizarre Gaming,980.0
PULSAR OLDSTARS,980.0
The Future,980.0
Night Raid,980.0
BBBongos,980.0
On Vient CS,980.0
RedFire.Wasd Arena,980.0
PN Crew,980.0
Unique,980.0
Damn I Love Fwogs,980.0
Horse Victory,980.0
Lexious Gaming,980.0
FlamexSerenity,980.0
Dream Team,980.0
ONYX Purple,980.0
Lapki,980.0
Unranked,980.0
ARDENT,980.0
CSGO村,980.0
Team Frosty,980.0
RAS,980.0
Angel Wings,980.0
Panthers Violet,980.0
VOX Populi Esports,980.0
Callais Orion,980.0
The Kor Kors,980.0
Claquettes cahussettes,980.0
Hot Thots,980.0
anythinglajustput,980.0
The Straw Hats,980.0
West Coast Demons,980.0
cismix,980.0
Dark Tempest,980.0
SFTSAFTM,980.0
m8 Esports,980.0
Virtual Anarchy,980.0
Utah Bless,980.0
LUSA White,980.0
Mowil Esports,980.0
Unnamed Esports Fem,980.0
Twareg Esports,980.0
mcdonalds shift,980.0
Team RUIM,980.0
EAID MISFITS,980.0
CyberGround Gaming,980.0
Never Surrender,980.0
PC,980.0
Team UNN,980.0
LeaveNoWitness,980.0
Meta Gaming Fem,980.0
brown gunday,980.0
Deportivo Cali Esports,980.0
only Top players,980.0
Team Ellie,980.0
Team Kellysama,980.0
WannaBees,980.0
Moonshot,980.0
Cherish Girls,980.0
Lone Way E-SPORTS Female,980.0
Lady Killer,980.0
Kappa e Vara,980.0
impulse101,980.0
Dannys Daycare,980.0
King's Catgirls,980.0
roid head,980.0
Blackout,980.0
R5,980.0
Team Jess,980.0
Team steel,980.0
Team a2guapo,980.0
Team Grim,980.0
A Warm Busch Light,980.0
Gate Guards,980.0
Oblak9,980.0
Verity Esports,980.0
Team Stewie2k,980.0
Team ShahZaM,980.0
UO Green,980.0
TTU Red,980.0
UCO Blue,980.0
NJIT Highlanders Red,980.0
UTA Esports,980.0
NCSU Black,980.0
Fanshawe FUEL,980.0
WSU Crimson,980.0
Scarlet Knights Royal,980.0
UNLV Scarlet,980.0
MSU Texas Esports,980.0
MTU,980.0
Davenport University,980.0
CU St. Paul Golden Bears Blue,980.0
Conestoga Condors,980.0
Short Team,980.0
GMU Patriots,980.0
Champlain College Varsity,980.0
UGA Black,980.0
Illini Esports Orange,980.0
IVC Blue,980.0
CSUF Blue,980.0
UCLA Esports,980.0
McMaster Marauders,980.0
RPG,980.0
West Virginia University,980.0
rock with googly eyes,980.0
BackToBack,980.0
RedPack,980.0
Team Villainous,980.0
Casa Noturna,980.0
QuartetoDos5,980.0
ESP eSport,980.0
we need help,980.0
TSG Esports,980.0
Wintermint,980.0
[REDACTED],980.0
ODU Monarchs,980.0
STYLE,980.0
Scaroo's,980.0
KIDZONE,980.0
좀비 아카데미,980.0
Team Mogul Moves,980.0
Handsome Jit,980.0
Fantasy Gaming,980.0
Old School Kr3w,980.0
ERAU Varsity,980.0
UCSD Gold,980.0
Extraordinary,980.0
MimicGG,980.0
Team SuperBusS,980.0
XOXO Esports,980.0
Iridescent Dreams,980.0
Red Flag GC,980.0
GROW Gaming,980.0
SPICE Thieves,980.0
Dortmund Esports Crescent,980.0
Lil Divas,980.0
bronze player,980.0
Xenesis e-sports GC,980.0
Soleil Gaming,980.0
TZ BLUEBEES,980.0
O2 esports,980.0
AEX-1 Nova,980.0
CTRL Elektra,980.0
Majesty Maidens,980.0
Twisted Minds Orchid,980.0
Vex Dragons,980.0
ABOMINEVE,980.0
Authority Fate,980.0
SINISTROSS,980.0
Os maridinhos,980.0
Stone Esports,980.0
Team Korosu,980.0
Team Shmoople,980.0
Team Emijuju,980.0
DG,980.0
Ragequit Rejects,980.0
BigBrawkingBoys,980.0
Red Flag,980.0
fake da shi,980.0
Team Amanda,980.0
Team Pai,980.0
Team West,980.0
CONNEXT Fantasy 2,980.0
beckardigans,980.0
HELLS PARADISE,980.0
Belford Roxo TEAM,980.0
WERDER WEREMEM,980.0
Team Red,980.0
Meats,980.0
THE UNLOCKERS 1,980.0
PRO MIX TEAM 2,980.0
Team Superbuss,980.0
Team Cece,980.0
Team Phantom,980.0
Team Tarik,980.0
Team Aniemal,980.0
ReturN,980.0
ReliaNcE,980.0
Carecas e Calvos,980.0
insanity,980.0
black hole sun,980.0
Citrus e-sports,980.0
DELTA esports,980.0
MidnightSun_Gold,980.0
Krunker Demons,980.0
Don't be Weird,980.0
UCSB Gold,980.0
UWaterloo White,980.0
Van Lyn Frost,980.0
Silly Waffle,980.0
Neglected,980.0
Thoti's Golden Children,980.0
Full Tilt Esports,980.0
Symphonies,980.0
Kosame,980.0
96 Bulls,980.0
Dexterity Gaming,980.0
Death be Happen,980.0
After Life Esports,980.0
Glass Girls,980.0
Reseda OKAMI,980.0
RAVENOUS,980.0
Vandals,980.0
Mommy's Kittens,980.0
Baby Poko,980.0
OK Gaming,980.0
Hexagon,980.0
ROYAL ONSLAUGHT GAMING,980.0
delman,980.0
ContraxScrub,980.0
Misses Worldwide,980.0
Scissor Sisters,980.0
polar bear,980.0
Evergarden GC,980.0
Gang Gang,980.0
HSMIX,980.0
ENVEE Esports,980.0
Qinyu Gaming,980.0
Team xccurate,980.0
dORA,980.0
Bubatz Buben,980.0
WHATTHE?,979.99
The Box by Infinity Area,979.99
Aracne Esports,979.99
the process,979.99
Pants Down,979.96
Team PAGO,979.96
Liga Uncharted,979.96
Wave Academy,979.96
Massive Physiques,979.96
Asmodeus Colosseum GC,979.95
The Last Monarch,979.94
MALIBULULE,979.93
Scarlet Knights Black,979.93
Team Digital,979.93
Java PR,979.92
Ambitious Gaming,979.91
Zanga7,979.9
Serendipity,979.89
CRWNZ,979.89
Regal E-Sports,979.87
Fallacy,979.87
SQUAD6,979.87
ARES Gaming,979.86
Dontcare,979.86
ALL GAS NO BRAKES,979.86
57,979.85
Mantou,979.82
HIGHPOWER,979.79
blackhat esports,979.79
Nocturnal,979.74
Team Questionmark,979.71
Šnečí nožičky,979.67
Unknownpros Female,979.67
Beyond Infinity,979.66
Endure White,979.66
Las Venturas,979.65
NemAPAU,979.65
WICKED,979.64
Double Vision,979.64
Spikerush Esports,979.64
Team Resilience,979.62
Vulpine Esports,979.61
99cents,979.6
frog munchers,979.6
Divinity,979.59
Event Horizon,979.58
Vela Gaming,979.55
You Guys Get Paid?,979.55
No Witness,979.54
Cardboard Dinosaur,979.54
Taiyo eSports,979.53
United Gaming,979.53
Ambush Esport,979.52
ex INS,979.52
E-Daters Inc.,979.52
KRC Genk Esports,979.47
nedg's daycare,979.45
AXIBYTE ESPORTS,979.45
BIG GAMING ID,979.43
Sanctity,979.39
ThriveHQ GC,979.39
Blahaj Huggers,979.38
Young Supremacy,979.36
Pushin B,979.36
No Teeth,979.35
Weird Esports,979.34
Madrid Rise,979.31
h$666,979.31
Putting In Time,979.31
dont test our gangster,979.25
Awake Esports,979.25
Black Magic,979.25
Storm7,979.24
MIX,979.24
Headshot,979.23
Joker,979.23
Level 5,979.21
Apex,979.18
RANK G,979.18
Cereal Killers,979.17
IGZIST Female,979.17
Van Lyn Magenta,979.16
Leviatán Academy,979.15
LAETUS Gaming,979.14
Solar,979.14
Go 4 Broke,979.14
Scarlet,979.14
SPIN Academy,979.13
Team Hybernation,979.13
Viva Hollandia,979.13
Foxy Araikordai,979.12
4 lixo + Nikinho,979.12
No Brain No Aim,979.11
Team Celestials,979.11
XEROX,979.1
Spain+China+Africa,979.08
Project02,979.07
ODCINKA V2,979.06
DGU,979.06
Astro Esports,979.04
Skulls Esports,979.02
Unnamed,979.01
Team UK,979.01
Entertainment District,979.01
Euphoria,979.0
Deja Vu,979.0
BLEED Academy,979.0
Lizard Munchers,978.99
Mama's Boys,978.98
ORACLE Esports,978.97
Royal Pekingese,978.94
HEAD HUNTERS,978.93
Coquinha 2L,978.92
Fluency,978.92
Pana.Rabbit,978.92
Team Q1 Rainbows,978.92
Team South Korea,978.92
Vieux Touristes,978.91
4nem,978.91
lil pamp esports,978.9
Equality,978.9
Kakaopulver,978.89
xyz,978.88
Barrados Do Divine,978.87
Bumbleboys,978.85
Timbers Esports,978.85
FS Gaming,978.85
XP Team,978.85
come next,978.85
Team ONSCREEN,978.85
Black Bears,978.85
Rodelindo Roman esports,978.85
aqua,978.85
RGB Gaming,978.85
Namak Boys,978.85
FireBaby Esports,978.85
Title Chasers,978.85
afterMath Wave,978.85
ALBION,978.85
herb hunters,978.85
Next In Line,978.85
Sway GC,978.85
Lasagna Gaming,978.85
Ratz,978.85
VLG X,978.85
Kitten Gaming<3,978.84
Smoke and Friends,978.84
GYUDON EATING,978.82
RosCey eSports,978.81
Team Rumble,978.8
New Moon White,978.8
Tempest Sky,978.8
GameAgents,978.79
Bonk Babes,978.78
Lightailty,978.77
CVA,978.77
BRAVOS GAMING,978.76
Omni,978.75
DumbFox,978.75
Last Minute,978.73
ROG Academy,978.73
Drexel University,978.73
Zootopia,978.72
Team AzoX,978.72
Team Diamond.R,978.72
Pariah,978.72
La Puenta,978.71
Old Dudes,978.7
ATS Brave,978.7
Amigos Esports,978.7
BYE,978.69
Goblin Attackers,978.69
Vexed.dev,978.69
team flavor,978.68
Legion de Reconocimiento,978.68
GroundZero,978.68
GONJO,978.67
ex-Phoenix1,978.66
Kommuna,978.65
KINGSLAYERS,978.62
Phoenix,978.61
A.S.M.R.,978.6
ATRAVS,978.58
Team HS,978.57
SUMMIT's 탁아소,978.56
Mattistack,978.54
Mixance,978.54
Gaming Team SELECTOR,978.52
Seal Team 6,978.5
GD Esports Club,978.5
ESTEVANDOR,978.48
Dambis,978.47
Ginger Supremacy,978.47
Zoomer Academy,978.46
Team AlpTV,978.43
Mean Girls,978.42
Kings of Sosnovka,978.41
Monkey Bite Esports,978.41
Fadee Gaming,978.39
Depth,978.36
The Jury,978.36
Les Farmers,978.34
BearClaw Gaming,978.34
ULVL,978.3
Thirsts Red,978.3
bref,978.29
Bomb Crypto,978.28
MoreBetter,978.27
Conquest Esports,978.26
VITE,978.24
Army of Five,978.22
AG.Nefarious,978.18
HUMMER Esports,978.18
Project SW,978.15
THE START W,978.15
Wolfpack,978.14
GameLab Alpha,978.12
STG Gaming,978.12
Affinity Esports,978.1
SFG,978.1
GrandSpirit,978.1
SE Necrosis,978.06
Trident Clan,978.05
YFP White,978.04
Goblin Squadron,978.03
odavrb,978.03
Cream Team,978.03
Ahlman Esports,978.02
ADS Gang,978.01
FOXN TEAM,978.01
FUSCA AZUL,977.98
PUGSTARS,977.97
Griffos Starfire,977.95
Take Back Control,977.95
S8UL Esports,977.94
Intrepid Fox,977.92
Tuwaiq Esports Club,977.92
MUTANTS,977.91
Hajty,977.91
New Era GC,977.91
Yari Esports,977.9
Irregulars,977.9
KHABHAT GAMING,977.88
SAKS,977.88
FC Pat Patrouille,977.88
3A POCCUl-0,977.84
Team Asteria,977.83
we dem boyz,977.78
Sivasspor E-Spor,977.77
REBORN ZERO FAIRY,977.77
Onslaught Gaming,977.75
DeftFox,977.75
ASI,977.73
roLLed,977.72
TheDuckArmy,977.72
Team gabrielcro,977.71
Team Sev7n,977.71
Lunatic-Hai FLUX,977.71
Hayal Sahnesi Goddess,977.71
Triple Esports Club,977.69
FontanerosMaura,977.67
NOTRAB,977.65
Spanish Mix,977.64
ZAMAN,977.64
LES PILLEURS,977.62
LINGUISALESS,977.62
FaRt Clan,977.61
Terminate Esports,977.6
THE HERO KDA,977.6
Shadow Life,977.59
Wichita Wolves,977.59
Team 4D,977.59
Defiant,977.58
GCU Esports,977.57
volei e peteca,977.57
Team Pelarian,977.56
paroXysme,977.54
Logan Paulers,977.47
PASCHKA,977.47
Kikados da Galaxy Carrots,977.45
Realism Esports Black,977.45
clowns,977.42
thegiornalisti,977.42
UAESA Green,977.38
Vortex,977.37
SHIFT X,977.37
Sway eSports,977.36
1Tap Tavern,977.31
MCT Esports,977.3
otter pops,977.29
OTF,977.28
LAZY,977.25
MBAPPEEK,977.24
fish with no eye,977.21
RABILIS BURST,977.2
BE INFAMOUS,977.17
Team Kraken,977.15
Nascent United,977.11
Team Wizard,977.11
Goodbye myTeq,977.1
Nanashi no Gonbee,977.09
The Zoo,977.07
Agoge Gaming,977.05
HIT GAMING CLAN,977.05
NXGHT,977.04
Puggers Unite,977.01
Roosters,977.0
SHINY,976.94
Reformados,976.94
Tussin Purple,976.94
ILG JADE,976.92
Team Endavant,976.91
StayHydrated,976.87
Clover,976.86
Trouble Makers,976.85
OGvBudke,976.85
Galorys,976.85
Lycus Empire Red,976.84
EQ Red,976.84
Team JOBSO,976.84
LividOnes,976.83
AlmondLatte,976.81
Penguin Platoon,976.81
tryingourbest,976.79
TinyTurtles,976.77
The Swarm,976.77
SOR,976.76
Gen.G Black,976.74
ex-Reveur/Team Phenix,976.74
Babi Guling,976.73
OBSRV,976.72
IC9,976.69
VZN,976.69
esoteric,976.68
Art of Throwing,976.67
EWAVE ESPORTS,976.63
VECA,976.62
noot noot,976.61
Premier Esports,976.59
GaDZoVKY,976.58
TEAM MANGAL,976.56
ESTONOESUNJUEGOVALE,976.55
7 States S,976.54
Ugly Hamsters,976.51
KDA,976.49
01 Esports,976.48
Ennola,976.45
Money First,976.45
Arctic Ace,976.44
Tenax,976.44
IPHONE13GIVEAWAY,976.43
Gui Su,976.42
Homies Nexus,976.41
LTC,976.41
Mix it up fem,976.39
Je t'aime de ouf,976.37
Straight Outta The Zoo,976.36
Cyber Skull Esports,976.31
hope,976.31
no name,976.3
NTER,976.29
OffLimits,976.23
Suradech Gaming,976.23
Zytic eSports,976.23
US Army Esports,976.22
LOGOBI GG,976.22
Entropolo,976.22
SwedishStyle,976.21
Team Name,976.2
Stars,976.19
Mugiwara,976.18
red21,976.15
Gorilla Gang,976.13
Melilla Titans,976.13
Team Fish Taco Vice,976.09
Surabaya Esports,976.07
Collateral eSports,976.07
LFT,976.04
TRY eSports,976.02
SLTitans Esports,976.0
Equinox Day,975.98
OPERATION STRIX,975.98
donas da bala,975.89
Save's eSports,975.88
Soabh,975.85
Spectral Esports Purple,975.85
Not Ready,975.83
La Familia,975.76
ARI's MONEY CREW,975.76
Wolfpack Esports,975.76
Project D,975.74
One More Game,975.72
Rose,975.71
Off the Grid,975.67
Interstate 95,975.66
Team Kraken Archons,975.66
Out of sight,975.65
MONSTROS FA,975.65
LP33,975.6
Way 2 French,975.59
EZPZ,975.58
Odium,975.56
SunXet Club Fem,975.56
TGPA,975.53
ARF Starlight,975.52
Austrian Force,975.5
Motion Team,975.49
ex-Ravens Esports Club,975.48
Dead Silence,975.48
FYL,975.48
Septem Exierant,975.48
Patchwork,975.47
Socks up Nyx,975.46
FreeAgentz,975.43
Panda Party,975.42
6IX Shootas,975.41
Digital Ninjas,975.34
i love valorant,975.32
Sovereignty White,975.31
RainbowMind,975.3
5 of a Kind,975.3
AvenGers,975.28
The Mandalorian,975.27
Hamtories,975.27
Zeal Esports,975.26
BE FUN SWORD,975.25
KAMK.GG LUMI,975.25
Team Fight,975.22
Květinky,975.19
Normal Player Gaming,975.19
exuLt.gg,975.18
Seniman Grooming,975.18
En no Shita no Shujinkou,975.16
ex-AING MAUNG Esports,975.1
Bestial,975.09
deathwish,975.09
YUMPERIGO,975.08
BEAST,975.08
BADARANTS,975.07
Śląsk Wrocław,975.07
Flash,975.07
thunderPEEK,975.05
Xanity,975.03
Whiskey Tango Foxtrot,975.0
GodVibes,974.98
Gym Rats,974.97
7even Esport,974.95
Varazze,974.94
calclub-p,974.93
5gg,974.84
school13,974.8
368,974.77
Noble Experience,974.76
Atfinest,974.74
Rexpect Glamour,974.74
Team Suits Gaming,974.71
Epherium,974.69
17Gaming,974.69
FDP Hurricane,974.67
#1 Victory Royale,974.61
Next Esports,974.61
HotThots,974.6
SYR,974.6
NTPOJA,974.59
ZAM+4,974.56
The Mad Men 2,974.56
top500 and dog,974.54
Janus Esports,974.54
Noir,974.51
Fearless,974.5
VeselieVintovki,974.41
FIVE Media Clan,974.41
PolyCyber,974.33
Born to win,974.33
BETA,974.31
NOX Esports,974.28
The Silk Road,974.27
HE Gaming,974.21
TREMBALA,974.19
Amateur Team,974.16
Chimaera,974.11
Organic Gamers,974.11
BlackJack Esports,974.1
Nova Esports GC,974.09
AMORIS Vega,974.07
Chicago Empyre,974.07
Attacking Soul Esports OvO,974.07
floppers,974.07
VCL Rejects,974.04
Asian Ravioli,974.02
Updraft,973.99
Cataclysm Gaming,973.99
CGN Sakura,973.93
Happy2bHere,973.93
team cotch,973.92
NoNamers,973.89
Bazooka Puppiez,973.87
Neons,973.86
oFby,973.85
Melilla Titans Rhea,973.84
Army National Guard,973.83
XenoFrost,973.78
AQUA Gaming,973.74
UMD Premier,973.7
Native Gaming White,973.69
CNG Esports,973.65
POWER,973.61
Estar Esports,973.61
ZY Gaming,973.59
Raptor Esport,973.58
Zerance Mint,973.56
Untouched Celibates,973.53
Exalty,973.52
JOKERS,973.41
Lil Bros,973.4
NMG Academy,973.39
Team Focus White,973.33
Mencari Tempat Berlabuh,973.3
NEANLATIYONBOLM,973.25
HATALANTE,973.2
novidades em breve,973.11
OhMyGirl,973.05
YDZ Infinity,972.94
First Class,972.94
ATK Mode,972.92
FFXD,972.92
UWaterloo Gold,972.8
FULL SENSE U20,972.8
F5,972.78
LE GAMING,972.73
Klanik Esport,972.65
White Lotus,972.56
w0wClan,972.52
Uppies Kittens,972.52
Magic Esport,972.44
Origin Sky,972.43
Madness Esports,972.36
NEON BLADE,972.34
Flow State,972.26
Boca Boston,972.26
Exodus,972.25
Azules Esports,972.17
AstraSect,972.14
Straw Hats,972.02
Straight Warfare,971.97
Team Doggo,971.95
Archies Gifted Goldens,971.88
Aqua,971.87
NC State Esports,971.86
Black Dragons FEM,971.82
Lone Way E-SPORTS,971.76
LTG,971.76
MAFIOZI,971.74
Frigid,971.69
Mangal,971.67
NEXGA,971.64
fuVi,971.63
Les Bijoux,971.55
wows little pugstars,971.55
PommyPurin,971.54
MORE Esports,971.49
Breakout,971.27
Stars Horizon Venus,971.22
Charlotte Phoenix,971.16
sas elle,971.13
HaZe Clan,971.12
NecroRaisers,971.08
TooManyQuestions,971.03
AWARIA,970.99
Voyager Esports,970.94
Unicorn Cyber Esports,970.92
Vi4 Esports,970.89
Average Joes,970.87
Aquila,970.83
CC Angels,970.8
Taipan Esports,970.79
the gu krew,970.71
D2E Gold,970.7
StarBound,970.7
Daycare,970.65
Griffin E-Sports,970.6
RogerRoger,970.58
Kudos,970.56
BLUE BEES.ESP,970.45
Gx,970.42
Libertados,970.38
Xiphos Outplay,970.26
Into The Breach Prime,970.18
Chariot,970.13
XO Esports,970.11
PowerHouse,970.06
DevilDucks,969.85
Cracked,969.83
New Combat Line GC,969.8
Sad Games,969.67
zyzz,969.59
Mujig 100su,969.57
Team White,969.51
836.PizzaLocale,969.51
Glueface,969.47
Can't Be Touched,969.46
ArchiGoKill,969.43
Alejkum Salam,969.34
Asteria Gaming,969.32
ex-EG Reserve,969.22
Renegados,969.14
jiliboo,969.13
PanDa,969.13
TRY eSports Fem,969.1
ANEW Esports,969.08
Cataclysm Team,969.07
Teo Teo Teo,969.06
DIVIZON,969.05
Down Two Earth,968.92
Galaxy Carrots,968.89
UnitedERA,968.87
Progress,968.86
Fortnite and Cola,968.83
DEMURY,968.83
WDNO,968.66
Nomads,968.64
Vorpal Swords,968.48
diversity,968.48
Hogwarts,968.45
Pirate Nation,968.37
re'born,968.34
F9 Hetic,968.19
ehehxd,968.17
Da Feng Gou,968.15
dATHITANS,968.1
Cool Guys,968.06
OXEN GC,967.99
PROJECT Z,967.97
KETÄ,967.95
Kinetic,967.91
Termina Enjoyers,967.91
虎尾566團購,967.89
Final Form Entertainment,967.84
ValorantEXEC,967.83
Team Italy,967.81
couchless,967.69
OnlyFins,967.68
Apexis,967.65
FUNSNATCHERS,967.63
ENDLESS GAMING,967.61
Thatoc Esports,967.58
pookie nation,967.58
DingFeng Gaming,967.52
HAKUBA Esports,967.52
Wulf Esports,967.51
Fisher Navy,967.48
Arcane,967.41
TopHard Esports,967.4
Castaways,967.4
Syntax,967.37
Beşiktaş Esports Female,967.33
Squad Of Aces Blaze,967.32
Darren Till,967.31
123,967.27
HitReg,967.23
Power Rangers,967.16
Zelos,967.12
Royalty Forgotten,967.11
SHOWRUNNERS,967.07
BackOutsideBoys,966.97
Brolympics eSports,966.94
Looking For Org,966.93
ANBU Elite Gaming,966.84
Sovereign,966.73
Bencheados,966.68
Searchıng4Org,966.67
no.men,966.66
Angry Titans Iris,966.65
M1X,966.62
Orgles5,966.51
Clan123,966.5
True Kings,966.5
Underdogs,966.49
Less Than 3 Viewers,966.47
Bear Bandits,966.47
Dreams To Legends,966.45
Table for 5,966.43
Phoenix1 Reborn,966.41
os piticos,966.4
Renaissance,966.39
Torch,966.39
GIANTX,966.39
Cracked and Dialed,966.32
Food Eat,966.31
Langit9,966.29
peanutz,966.27
Team Opulence Gold,966.26
TEN-5,966.25
ownage,966.23
Ranked Stars,966.22
Team SHIFT,966.18
NerdTown eSport,966.14
FREELO,966.12
Salade Sun,966.11
Moonrise Black,966.09
Tupperware Fan Club,966.09
Fear Eater Sierra,966.08
FATAL,966.07
Five Cell,966.05
XIAO,966.01
Insomnia GC,965.97
Akumu,965.97
Slaughter House,965.92
SCARZ GC,965.9
Phoenix2,965.86
Furacão BLACK,965.75
XSOUL,965.61
1234,965.54
INGAMING Esports,965.48
Fulcrum Esports Catalyst,965.46
Game Fist,965.46
TauCeti,965.43
ME CONTRATA,965.37
Team DACH,965.34
euphoria,965.32
Vammo E-Sports,965.32
Absolute Legends Blue,965.26
eRa Eternity,965.24
4iHNK,965.17
Rising Hope,965.16
SEMORGAINDA,965.06
TLP Monkies,965.05
Prominence,964.97
PDHM Gaming,964.96
favela aimers,964.96
Debt Collectors,964.89
Free Fall,964.82
cTalents,964.81
Together We Are Terrific,964.76
Stony Brook Red,964.65
LILAX,964.62
Obelisk,964.56
Coconut Munchers,964.54
InsignedEU,964.52
MoneyTime,964.51
SOMETHING2PROVE,964.51
1MillisecondX,964.5
Mägge Esports,964.47
HG,964.44
Kum Gaming,964.42
Headshot Percentage,964.39
Athletico Zombies,964.37
Polonez,964.36
Hooligans,964.35
Ranked Demons,964.25
Tengkorak,964.1
Bulldozer Gaming,964.09
Hyperspace Dark,964.09
Snowmen,964.04
Kanga Esports,964.02
PARA LAZIM,963.97
Niner Esports,963.88
SAD Lions,963.88
ROLO COMPRESSOR,963.81
No Brimstone,963.78
Neons Ninjas,963.76
NOORG,963.73
Zillenials,963.72
NOVO Esports CC,963.69
1stCav eSport Club,963.66
Elysium NOIR,963.62
FARMERS,963.61
Team Mle,963.59
RMU Colonials,963.56
Rexpect eSports,963.55
Guess,963.48
Ah yeah gaming,963.48
Team Ambition Shattered,963.47
New Boss Esports,963.42
M4LIK,963.39
COFFEE,963.36
Normipaiva,963.35
Disciples,963.33
Redteam Esport,963.33
AYB Esports,963.14
New World,963.14
Rub n' Pug,963.13
Sprayz Gaming,963.07
Solidarity,963.07
Invicta Gaming,962.98
Mawar Dandelion,962.98
Badua LIpa,962.91
Bifrost,962.81
Asylum Attendees,962.8
Memelanders,962.79
God Given,962.78
Lumsum,962.78
Serenity Purple,962.76
wasd fan club,962.76
Wheels,962.66
YAZDA,962.65
M1XXX,962.65
dfiance,962.65
5Ravens,962.62
Lethal Esports Alpha,962.6
that cool team,962.59
Shi Shui Wen,962.59
Gringo Team,962.55
CERULEAN.EXE,962.55
GyoGun,962.53
NO ORG,962.51
DREAMMAX,962.51
Team Ex6TenZ,962.45
NOTILT,962.45
Crazy Raoul,962.44
KaiXin Esports,962.41
Spain.dll,962.41
Frat3rnity,962.36
AST Luminescent,962.36
TeLa NvBing Esports,962.35
Gamers of Future,962.34
mesos millionaires,962.32
QQQ Hasagi,962.29
FiftyOne,962.29
INS4NE,962.29
TikTok Baddies,962.29
East LA,962.29
Team Carlee,962.29
Team Pan,962.23
ETERNAL,962.22
Good 8 Squad,962.2
Elemental Esports,962.19
DFT Revitalize,962.17
Nocturnals,962.17
kek123,962.14
NOORG2.0,962.12
Whatever Works,962.11
BlackBelts,962.1
AMENO,962.09
InternetFlicks,962.09
Malaysia,962.0
Wofdex Esports,961.99
Starlight,961.91
For Fun,961.89
Event Horizon GC,961.89
Archie Dynamite Dalmatians,961.89
P1F,961.88
Guardian Esports Team,961.85
Team LZ,961.83
Shironeko,961.82
dart monkeys,961.82
YungMuzzy Corps,961.76
Team Max,961.75
Kirbee Squad,961.71
Cakebois,961.69
Innocent Cats Esports,961.64
Grinch Gang,961.63
VVV,961.63
Lunch Club,961.58
9XL,961.54
Team NVus,961.51
Plore Gaming,961.48
KAMI TENCHI,961.47
Team Omega,961.45
Xtreme Gaming,961.45
No Chance,961.43
SYSTEM e-Sports,961.42
Peaky Blankers,961.41
FTW Fade,961.38
Necrotic Esports,961.36
Why Do We Suck,961.34
Moist Moguls RED,961.33
Polpette Di Carne,961.31
Frontline Esports,961.28
HACKJR,961.26
MBTI,961.21
Party Stool,961.2
99Crooks,961.16
bTitans,961.15
Focus e-Sports GC,961.15
club penguin,961.15
Oklahoma,961.15
Snirot Daycare,961.15
Elite,961.14
Awaken,961.13
Lucid,961.13
Rat Attack,961.11
Second Wind,961.08
1TK,961.08
Ruddy,961.08
Dream Chaser,961.08
born to hiii,961.06
NOX,961.05
Graviton Surge,961.04
capuwu,961.04
Berzerkers,961.02
Fojosok,961.0
Daytrade Nursery,960.97
Liberty Female,960.95
Arcade Esports,960.95
ExiLe Gaming,960.82
Fake Aussies,960.77
Millennium Agency Venom,960.76
4Fun Gaming,960.75
King's Gambit,960.74
Wanderlust,960.72
We Raise Blame,960.68
Team Adios,960.65
Keyd Stars Athenas,960.65
LANDODGERS,960.61
Team Capalot,960.5
swag and friends,960.49
Mookah Rabbits,960.48
Fighting 4 Freedom,960.44
ProximiniTY Gaming,960.42
Tropinha do TIKTOK,960.36
Bloom,960.32
Vipers Clan,960.3
Time In,960.28
BOTT,960.27
Team International,960.27
Wide Swing,960.26
I Got Mine White,960.26
KVM Esports,960.24
Luxoria,960.22
Evoza GC,960.21
ROC Team,960.2
UCFC Esports,960.2
Aricat.Aresta,960.19
00Nation,960.16
LUNARISs,960.12
John Howard,960.11
GamDaeng,960.09
Toh 'n' Friends,960.08
Union Gaming,960.07
TTSH,960.07
Oasis Gaming GC,960.07
1Millisecond Black,960.07
Nexplay Evos,960.04
Boss G KDM,960.01
Team Kurt,960.0
NeverEndingStory,960.0
Team Liquid R6,960.0
Borderline,960.0
Chichaland,960.0
Watch This,960.0
GunTeR,960.0
breskvice,960.0
Team Sync,960.0
Quintuplet,960.0
Madness Zen Esports,960.0
Team s0m,960.0
Team PROD,960.0
GVSU Blue,960.0
Potter Posse,960.0
Gen.G Global Academy GC,960.0
bemyteam,960.0
BLUE TEAM,960.0
NAXAN,960.0
"Nada mal si nos tá, fazendo dinheiro...",959.99
Peace And Love,959.99
SEMORGAINDA 3.0,959.98
REVIVE,959.95
GO Cyrene,959.95
Agua Fusion Latao,959.93
JG and friends,959.93
YMG,959.91
VIVID Obsidian VO2,959.9
FreeAction,959.9
GGamDira,959.89
335 Cầu Giấy,959.87
HyperSpeed Onyx,959.87
Ex-Dallas Vendetta,959.86
FIU,959.85
Bantz,959.81
Damianos Esport,959.81
GhostFamily E-Sports,959.77
Designated,959.76
GOSU,959.76
Team Happy,959.69
Team Tixinha,959.68
NWJ,959.64
VizUprising Mafia,959.58
Tamaria Altunga Esports,959.58
Vireo.pro,959.56
PWYH,959.53
Aussie Underdog,959.47
Bob the Builder,959.4
Grapefruit Techniques,959.35
Air Raiders,959.32
the basement,959.31
Eternal Zen Gaming,959.27
Team Circus,959.27
All Victory Esports,959.22
paprica picante,959.2
Valorantaupe,959.19
NMG Indigo,959.19
Aqualix,959.17
LvL Up Esport,959.17
NBD Esports,959.16
KK VALORANT,959.12
WTP,959.11
COMETA TEAM,959.09
Bottom as always,959.08
Girl Kissers,959.05
QLASH Egypt,959.04
goodfellas,959.02
Fear of God,958.99
OKGG,958.96
Furacão RED,958.95
The Great Escape,958.92
PIXEL,958.92
Kaster Onez,958.91
Seeker,958.86
Vikingekrig Esports,958.85
Undead Gaming,958.85
Blitz,958.85
Team Maikelele,958.85
No Country,958.85
E-Natolian Sports Club F,958.85
Foxera & Friends,958.85
Flying High,958.85
Athens Apollo,958.85
SHERPA,958.82
PLATOON,958.8
DeviLish Grin,958.78
Ark5,958.74
The Panic Team,958.73
Team Terenas,958.72
Native 2 Empire,958.72
Turgutlu Belediyesi Esports Ladies,958.67
Space Walkers,958.67
ECM FCG eSports,958.61
Nora's Kitten Shelter,958.61
Bakim Corp,958.6
Division 0,958.58
RCTIC,958.46
Noobs With Attitude,958.44
Vorpal Sword,958.42
GODSENT IRIS,958.39
Rise Gaming,958.37
Big Brain,958.35
Orangutan X,958.32
Formulation Gaming,958.32
PHARAONS,958.27
Whitelist,958.16
volvo peek,958.11
BLAZE International,958.08
Team Plague,958.04
DRAGONS,958.04
fully,958.03
Figure8,958.03
Cherry Bomb,957.99
Clemson Esports,957.97
Arkangel Esports,957.93
Dia De Los Muertos,957.9
Catolica Esports,957.9
SLODI REPUS,957.81
ALCYONE,957.78
Klaus,957.77
five guys,957.77
Rumble,957.75
Anomaly No Charms,957.72
eXec,957.71
Anime Super Soldiers,957.71
Cardboard Rex,957.71
Ivy League Gaming,957.63
Resurrection Sickness,957.58
Zen eSports GC,957.56
Incognito GC,957.52
New Order,957.51
NANA AND FRIENDS,957.48
GRAZHtAS,957.47
ALTERNATE aTTaX Ruby,957.43
Deagle Ravagers,957.42
Looking for Org,957.38
Team Mystic Black,957.36
Avernus Esports GC,957.26
Fatality,957.25
God Particles,957.2
ID Ruby,957.14
Illinois Servers Please,957.1
Reven Esports,957.1
Corn Dawgs,957.07
Team Mystic,956.99
Tropinha do TIKTOK 2.0,956.98
KGA,956.91
Monstars,956.84
TIMETOPLAY,956.82
Team F,956.65
HypeHorizen,956.65
UltraLight Team 3,956.62
Armory Gaming,956.54
Trash Pandas,956.5
Pro Hub Gaming,956.46
ZEITGEIST,956.45
Team Ancients Female,956.39
Saints,956.38
Zwan Gaming,956.35
MABUHAY,956.35
Sky Empire,956.34
Reject$ Female,956.3
ENTER FORCE.36,956.29
ex-Overtime Esports,956.23
NVM,956.13
TTL,956.1
Reverse 7,956.09
Balkan Stars,956.08
Rated Gaming,956.04
Ax3,955.98
Into The Breach Protocol,955.77
The Meaps,955.74
Furore Draco,955.62
Boberts-Bugs-B-Gone,955.57
Sequenz,955.57
AD Infinitum MORPHEUS,955.53
SHOOT FOR FUN,955.35
KAZE Obelisk,955.27
Folouers Esports,955.24
duplaw,955.19
NXLG Academy,955.16
Dylema Gaming,955.06
Optimistic eSports,955.02
Fenrir,955.01
303 Esports Orange,955.0
tba,954.97
Beşiktaş Esports,954.86
Point of Authority Blossom,954.68
TeamOrangeGaming,954.67
RNKKO Esports,954.64
Clutch Jeans,954.63
project_kr,954.62
Team Sinful,954.57
EndGame,954.45
Bedel Ödeyenler,954.44
ANKA E-Sports,954.41
mSpaz,954.4
CripWalkas,954.4
PAPA ESPORTS,954.32
SE ATLAS,954.26
NongWaen,954.2
KABAHbl,954.18
Just Breathe,954.14
Flamengo Esports,954.13
Ions Day Care,954.12
Team 86,954.11
Before,954.09
Young and Beautiful,954.08
Swag Silicone,954.02
Godset,953.96
GiefKalash,953.91
SCYTES,953.74
En corto gamers,953.61
Capybara GanG,953.61
Nottingham Miedo,953.52
LAG Gaming,953.37
Bing Bong,953.25
myTeq,953.13
caLLLamas,953.11
MRVZT,953.03
UYU,952.97
Orbit,952.96
Acacia,952.92
Built For Greatness,952.49
Team Solace,952.48
Frostwolf,952.34
Prinzen von Stuttgart,952.16
Sabres Impact,952.1
Steel Tactics,952.01
Tiger Wong Esports,951.97
Black Dragons,951.84
TSM X,951.82
TradeLikePros Gold,951.74
Palinka,951.67
I May,951.39
1280x960,951.35
Quickmath,951.26
Cowabungus,951.18
ZEROZONE,951.09
Most Prolific,951.04
komand04ka,950.9
No2B e-Sports,950.72
Orgless Olafs,950.72
Benchwarmers,950.71
RYU Gaming,950.69
LUJAika,950.55
Intense Gaming,950.39
Vexed Gaming,950.39
Icarus,950.21
LRNJ,950.17
SENTHEX,950.15
New Moon,950.05
Les Zinzins De Lespace,949.88
Villainous,949.83
Alien Anonymo,949.76
Tylers Corgis,949.53
BlackBird Ignis,949.52
Good Fellas,949.5
Team zonixx,949.45
GOODFOR1,949.44
Szach Mat,949.34
TBK Esports,949.22
vanished,949.21
FLu Esports,949.05
Salt Esports,948.87
Elmerz Glue,948.75
Chivas Esports,948.68
Dog Team Needs Club Org,948.55
AREA,948.49
Dirty boys,948.48
HOMELESS,948.19
Gungahlin Warriors,948.16
Team Sfory,948.15
Team MENA,948.14
iPGN,948.12
Grow uP eSports,948.09
Team Fi,948.06
Zeusaberz Esports,947.95
Time Out,947.88
DELIRAWOW,947.86
4Fun,947.72
Mach5,947.72
E2S Lexious,947.68
Persija Esports,947.61
XTZ Esports,947.58
Mystery Inc.,947.54
G.Gang,947.43
LAPFAP,947.37
wicket berg,947.32
VETERANOS e-Sports,947.25
Next eSports,947.25
F1LS Esports,947.0
Crownless,946.97
EnRo Griffins,946.83
Spectral,946.81
Budapest Five,946.77
Infinity X,946.72
010 Esports,946.7
Celeste,946.69
True Damage Gaming,946.64
Purple Mood E-Sport,946.62
Inferno,946.61
I need Girlfriend,946.55
Prism Esports,946.53
LUNÈ Girls Gaming,946.48
Lunatic-Hai,946.41
Mandala,946.36
Constant rise,946.27
Phenix Blanc,946.18
Begrip Gaming,946.08
Team LUX,946.06
WithYouWithMe,945.99
Hysteria,945.93
Bear Minimum,945.92
Gaming Barracks,945.85
UBITEAM,945.84
Helios Gaming,945.71
Sussy,945.67
Pokemon Go,945.42
00Nation Fem,945.29
Predator X Gaming,945.21
Avante,945.04
Hugh Jass Construction,945.03
DetonatioN FocusMe GC,944.98
Sanguine Rebels Dragons,944.96
Los Bandidos,944.87
LEGENDs,944.83
Yellow Submarines,944.76
Socks Up,944.58
The Unfortunate Five,944.58
AKATSUKI,944.57
Team Znorux,944.53
Team Austin Creed,944.53
Team izak,944.53
30% BF,944.46
Amazing,944.32
TEMPO,944.26
Team Evo,944.14
Team Impakt,944.12
nA Whiff Masters,944.11
Good Game,944.04
Twisted Minds Esports,944.03
INTZ Angels,943.99
Reborn,943.98
Bewds Retirement Home,943.94
47 Gaming,943.92
Entropy,943.88
S2,943.87
Tropa Suprema,943.83
Gamax Esports,943.8
Crime,943.66
DFR,943.44
BIG BOY'S CLUB,943.44
FEARUS,943.37
Eazy One Gaming,943.27
DR Esports,943.27
tyeasy,943.25
Team gamelifeow,943.16
WALTEM Gaming,943.14
Team Artisan,943.11
SK Gaming,943.07
HolyMolly,942.96
ANYWAY,942.91
Cynical,942.88
Actually Homeless,942.83
All Around Savants,942.83
BEEX,942.83
IGNIS Esports,942.8
Sneaker Daily Meloner,942.8
Infantry,942.77
corgi,942.74
W Streak Esports,942.7
Team X,942.68
PÊEK Gaming,942.54
Orgless5,942.49
123TAP,942.44
Jaguares Fem,942.42
Odd 1 OUT,942.4
YPPB,942.33
Team Miss Rage,942.29
Team Zigueira,942.29
Team Clutch_Fii,942.29
Only-Esports,942.29
Roulette,942.09
Crash Landin on You,941.88
Team 69,941.78
CoT,941.77
Pillow,941.74
tiobarão,941.72
HOG RIDERS,941.65
OnlyFriends,941.62
VI VET MEST,941.58
VLT Asteria,941.47
Team Samurai,941.45
NXP.Aether,941.32
Wave Splash,941.3
Lipxitus,941.28
Shanghai Emperors,941.22
QLASH Syrax,941.22
Phinance G,941.2
Maruti Peek,940.9
Anyway,940.8
Heat Waves,940.76
KeepBest Gaming,940.73
Temp name,940.55
SUPER SQUAD,940.51
Brunei Darussalam,940.49
Nation Fan Club,940.37
Syko,940.33
KnockOut Esports,940.32
MANGO,940.31
mercenaries,940.23
świeca,940.18
FTG Esports,940.17
BNB,940.15
Drop Shot,940.13
GBP Esports,940.11
NMG Celeste,940.1
Team iaaras2,940.0
InnerVoice,939.94
Illuzion Orange,939.91
Aim from Kitchen,939.8
Icons,939.72
Boss Gold,939.71
Lithium,939.71
PS5PATAS,939.66
Permitta eSports,939.61
Lazarus,939.56
DimmaDome$,939.5
BDV,939.45
Pyronic,939.38
TUBEPLE Gaming,939.19
Axsor,939.01
Full House,938.98
Merlyn Esports Shine,938.97
Team Revenge,938.96
select few,938.93
Position A,938.62
Exality,938.49
Project,938.49
Zero Tenacity,938.41
WATEr,938.39
SLO,938.37
VizUprising Invicta,938.25
unsigned,938.24
Team arch,938.21
Manse PP,938.2
Up Next,938.09
KappaPride,937.96
Penguin Sledding,937.9
Atheris Esports,937.86
Team kalera,937.71
The Ganaccis,937.61
Merry Men,937.56
Ungentium,937.24
ChillinWithFriends,937.09
DD Team,937.02
Ethereal,936.74
Team Mang0,936.72
Big Baller Brand,936.62
K/D Fixers,936.58
Blind Esports,936.51
ex-Recon 5,936.48
Krakens Esports,936.34
Phantom Troupe,936.19
Crew Esports,935.94
MercenarieZ,935.91
The Boys,935.86
Akademus Esport,935.85
TOOOLS esports,935.83
French Frogs,935.7
Storks Phalanx,935.66
Sainuahualouis,935.66
Feeling,935.63
cowana Gaming,935.52
Team CDNThe3rd,935.47
Superdomineering,935.47
Pingu Gang,935.35
KILOISDEAD,935.26
Orgless Redux,935.16
-140,935.16
Abaddon Abyss,935.12
Z11,935.01
Aricat Esport Family,934.98
W Key,934.9
Coalesce,934.85
Prospects,934.84
Nuclear GC,934.81
Indecisive,934.7
Galakticos Sirens,934.69
Skwirel Warriers,934.56
Area of Effect,934.22
Dark Tigers,934.14
Illusion,933.96
Qing Jiu Club,933.78
Avium Esports,933.75
HighRollers,933.68
Rugratz,933.42
Bounty Esports,933.33
Bonsoir,933.32
Team unlostv,933.25
mens)),933.2
Nihil,933.06
Prophecy ESC,932.87
Des Moines DMG,932.76
Novagis Gaming,932.73
Kingzone,932.5
Take It Easy,932.46
Chill Cord,932.45
Zero Zone W,932.29
Water,932.24
GOAGOAGOA,932.22
SPEAR GAMING,932.22
KunPenG,932.2
Alterfox Esports,932.19
Fluffy Cows,932.15
Team Owl,932.14
BananaBoys,932.13
Maru Gaming,932.13
Spot Up,932.06
JDG Esports,931.86
Underdog,931.77
Carti Esports,931.76
qz,931.55
ex-Reckless Lads,931.22
SETOUCHI ENLIFE,930.68
Titan Esports,930.61
Impulse GW,930.42
J Team,930.37
Unbind Crouch,930.24
Last Resistance,930.23
L8R Bot,930.08
Naura,930.05
Moon Raccoons Black,929.92
prime 5,929.78
Alpha Six Gaming,929.73
Digital Athletics,929.58
TEAM X-FORCE,929.52
Vengeance,929.47
Gank Gaming,929.29
Gehenna Sweepers,929.15
Team Dhalucard,929.1
HorizonGG,928.79
Team666,928.65
Typhoon,928.5
Native Gaming,928.27
Crab Walk Killers,928.2
Grayfox Esports,927.08
Eros,927.01
Team Mystic Venus,927.01
AboveCloud,926.98
Rank El Cuties,926.9
Full Focus,926.88
Sharks Esports,926.84
Amethaverse Esports,926.69
yuanyoyin,926.58
Colors Esport,926.48
Dead Rabbits,926.4
The A Team,926.36
Carpe Noctem,926.35
IDDQD v2,926.33
Zero2Hero Esports Academy,926.24
Exorcist.ESC,926.09
Sbread Gaming,926.01
Dragonslayerzzz,925.97
Piercer Esports,925.61
PAMPAS,925.56
Kitten Shelter,925.33
Team Alay,925.28
Ahjin,925.14
JG.JIANG,925.02
Absolute Legends,924.72
AZN,924.71
Team Fish Taco,924.69
Team Path,924.69
Sector One,924.67
DETONA Gaming,924.63
Team 2D,924.47
Dominatus,924.46
Ninjas in Pyjamas Lightning,924.45
Illumina Blue,924.29
Invaders,924.21
Illuzion Black,924.07
zTitans,923.66
Akella,923.66
Guangzhou Long Lionz,923.32
Le Crapaud,923.21
Hollywood Hooliganz,923.09
Sailor Scouts,923.06
Cruzeiro Esports,923.0
REJECT,922.85
Somnium Esports,922.78
OG LDN UTD,922.77
SunXet Club,922.58
bb.w7m,922.53
TYLOO GC,922.41
FUMA Gaming,922.36
RAIJIN,922.34
Mekong Gaming,922.32
VPG Headhunters,922.29
Team Sampi,922.04
Ninjas in Galaxy,921.9
CYCLOPS athlete gaming,921.87
Yumisu Esport,921.8
Lucky Boys,921.73
Tiimu Sagashitemasu,921.56
keepYOURskill,921.44
Puggers,921.05
AVEZ Esport,921.04
Team Leviathan,920.84
Ghetto Artist,920.63
Team Zerator,920.56
F4K Ladies,920.37
Grind City,920.33
Nine Esport,920.25
Slimy Boogermen,920.24
Wygers,920.13
DIS Esports,920.08
MAXD Esports,920.04
APAC Slayer,919.93
Team Germany,919.85
Marten Gaming,919.27
Obey Alliance,919.24
TiAMAT,919.22
Tilted,918.65
Solaire,918.62
Crocodile Tears,918.51
ABB ASKI E-Spor WHITE,918.5
B Beasts,918.24
Meteor,918.12
Daytrade Gaming,918.07
Team 7AM,917.91
CoreNine Esports,917.86
Monkey Momentum,917.85
3 Gün Yeter,917.85
Archons,917.82
SMARACIS eSports,917.68
OG,917.44
Improve Female,916.95
Echo Alternative,916.91
Rebellious Gaming,916.85
Aresta,916.72
Cream Real Betis,916.12
Team Gravity,915.7
Roblox Rejects,915.7
Aspyre x Swarm,915.54
Cambodia,915.24
Flex Gaming,915.15
SunSister Rapid,914.73
,914.2
Vexo Esports,914.14
NewHappy Esports,914.14
ShanXi Gaming,913.97
Pass Gaming,913.81
REPLY TOTEM,913.15
Polaris,912.81
VARREL,912.63
no org,912.54
S2 Esports,912.38
Moonrise,912.21
HEROIC Valkyries,912.11
Unknown,912.08
EDGE,912.06
Peeposhy,911.76
TropiCaos GC,911.47
Akroma,911.47
Eshays,911.46
Atletica Pro Gaming 9,911.24
Miracles,911.22
Max Control,911.18
Tempest Gaming,910.99
Awake Gaming Female,910.97
Team Rocket,910.88
Up For Sale,910.82
Monaco Esports,910.71
ShanXi Gaming Girls,910.63
Genesis,910.45
MEOW MEOW,910.34
1620 Kings,910.33
EX0TIK GAMING,910.22
Teddy Tactics,910.16
HMBLE,910.09
Souldazz,910.08
Team Untold,909.84
Resurgence,909.55
seeker,909.51
Northern Forces,909.45
AERIS,909.37
T1 Academy,909.34
Team Jbzz,909.14
Underground Gaming,909.06
ESC Gaming,908.53
BLAHAJ,908.24
Team123,907.5
JustUs,907.47
VCTRY Esports,907.44
Tartarus,907.4
REIGNITE,907.15
Team Sarafa,906.89
Question Mark,906.77
Inertia,906.54
Skull Cracker,906.54
Team Assent,906.5
Spectral Esports Blue,906.29
WLGaming Esports,906.26
Tarren Mill,906.17
OXEN,905.91
LYNX TH,905.83
FearX,905.82
Unicorns of Love,905.67
VEC DAEJEON,905.62
Omnipotent Gaming,905.36
Windstorm,904.75
Ksenox,904.47
SeolHaeOne Prince,904.37
AGG,904.19
Zenigma Alpha,903.08
Hyderabad Hydras,903.0
1HP,902.92
Oni Fans,902.87
SLAMMING GEARS,902.37
Rapid Lofi,902.2
Laos,902.08
Enterprise Esports,901.77
GunsForHire,901.47
WLGaming Female Stars,901.45
Lankräm,901.31
Edelweiss Esports,901.25
KADILIMAN,900.81
THE HERO,900.55
FAMILY,900.4
Green Beans,900.32
iXA,899.81
Vacuumers,899.44
Ghost CommandoS,899.39
GodLike Esports,899.23
SG e-Sports,899.01
Pack a Punch,898.7
Desperado,898.68
AKIHABARA ENCOUNT,898.67
Jaguares Esports,898.54
World Game Star,898.0
Global Esports Phoenix,897.89
BeeNinjas,897.68
PXL Esports,897.4
Team Poland,897.38
Zero Synergy,896.85
Spotlight,896.42
Cleiteam,895.89
Undead Gaming Fem,895.87
DVM Esport,895.76
doneVAL,895.41
Karmine Corp,895.33
LONETEAM,895.27
SUPERFECT Esports,895.03
Echo 8,894.65
Only One Word,894.46
Waverunners,894.41
Oxygen Supremacy,894.14
RVNS Esports,893.78
Team Spectralis,893.68
TropiCaos,893.66
PURPURE,893.2
MVP Esports,892.56
aspyxia,892.47
Permitta Unicorns,892.42
Kantic Gaming,892.35
Take Flyte,891.92
Team Major Academy,891.72
Ovation eSports,891.14
Winfinity,891.09
O2 Gaming,890.84
TJD Esports Club,890.62
eSuba,890.61
Wizards Club,890.49
Barcelona Sporting X,890.36
Optix Fem,889.9
Icicle Conflict,889.53
Wolves Esports,889.52
Team Aurora,889.38
Elevate,889.19
Team Ronin,889.11
hREDS,889.08
Rambutan ni Tatay,888.87
Falcons,888.75
The Mad Men,888.7
Man I Love Fwogs,888.55
Khumbu Esports,888.15
100 Blifted,887.95
ShikouKouketsu,887.8
Project VII,887.64
Iconic,887.51
Stasis,887.34
Border Monsters,887.32
Zer0 Latency,887.3
Malvinas Gaming,887.28
lvlUP,887.08
MIXUP,886.95
GnG Esports,886.81
Totem Providence,886.68
Team Divinity,886.65
afterMath Esports,886.35
Hamboigas,886.34
Human Tripwires,886.34
FIRST Gaming,886.29
Origami Team,886.14
MAX Esports,885.8
Dallas Vendetta,885.47
Sedated,885.36
TP REVEN,885.01
Valkyrie,884.58
Team Kephrii,884.39
Nexus Gaming,883.89
The Goose House,883.76
QoR GC,883.52
Connect Gaming,883.5
Kaizen Esports,883.13
KS Hunters,882.0
Six Karma Feminil,881.9
WAY Esports,880.69
OP.GG SPORTS,880.02
Geek Fam,879.41
DSYRE GC,878.99
Team Nordics,878.04
University War GC,877.87
XOXO-01,877.36
Aim.Attack,877.26
Genuine Gaming,876.58
eco chálks,876.35
Foxy,875.24
Pigeons Esports,874.95
GOMA,874.51
TBK Esports GC,874.46
Galatasaray Esports,874.0
Kafalar eSports,873.06
KunPeng Gaming,873.05
apinaorkesteri,872.76
GODSENT,872.72
IGZIST,872.37
İstanbul Wildcats Female,872.15
eMasters,872.11
Falke Esports,872.06
One Percent,871.86
Meta Gaming,871.03
Legacy,870.3
Ignite,869.26
Gifted,868.93
Team Majesty,868.66
M42 Esports,868.33
Fraggerz,868.08
FC,867.81
ODDIK Bright,867.67
CO-OP.gg,867.47
DreamSeller,866.85
Velaris,866.32
Fluid Gaming,866.26
Sewercats,865.39
SAGAZ,865.32
Stream Raiders Nacague,864.9
The Ultimates,864.37
1st MegaSaver,864.23
Anorthosis Famagusta Esports,864.01
OG Esports,863.97
Avernus Esports,863.91
TRAITORS,863.59
ENDER,863.23
Team Flux,862.98
FTW Evo,862.79
DREAMLAND,861.75
Lycus Empire,861.04
STAGA,860.57
Valhalla,860.27
AIM PH,859.38
ROA Esport,859.13
KTRL,858.84
OtherSide Rouge,857.95
Duck Gaming,857.33
Dire Wolves,857.11
Orgless,856.05
24Haven,855.97
Karmine Corp GC,855.2
Finest Female,854.26
AEX-1,853.52
LEMONn,853.49
Talon Esports,853.29
Please Don't Fire,851.12
Nightblood Gaming,850.83
Team T5,850.67
YaLLa Esports,850.07
Yendez,849.39
Xperion NXT,848.44
TwoKay,848.21
Elysium,848.19
QLASH,846.75
1337,846.0
Resonate,845.67
KPI Shine,845.6
Gelida Esports,843.11
Exceeli Esports,842.96
H2O,842.91
XLD Gaming,841.96
VAMONOS,841.86
The Infinity Esport,841.75
Team 600,841.0
5 Clown,840.92
Fenerbahçe Esports,840.41
VersionX,839.98
who cars?,839.79
SendTreePay,839.29
Dough Bros,838.61
Regnum Carya Esports,838.38
FW Esports,838.24
Metizport,837.58
Hexad,837.19
BISONS ECLUB,837.04
Akave Esports,836.84
Onyx Ravens,836.47
BIGG SCYTHE,835.7
FATE Esports,835.68
K7 Esports,834.63
Eclectiq,833.7
Pho Real,832.99
Feint Gaming,830.77
Hero Zero ANUBIS,829.55
Team Galaga,829.39
Imperium Gaming,829.16
Nghiện Thêm Lần Nữ,828.62
Zero MarksMen,827.71
Exotic,827.12
Invictus Gaming,826.28
ALTERNATE aTTaX,825.44
Furious Gaming,825.05
CREST GAMING Zst,824.1
Zero Zone,823.7
Reformed,820.89
EBRO Gaming,819.93
Team Volted,818.07
The Who?,817.99
Subversive,817.43
Giant Submarine,817.3
FTW Leça FC Esports,817.02
Kraken ESC White,816.17
Blitz Esports,814.22
B8 Esports,813.64
Solary,813.28
Liberty,813.23
ValorsGG,809.76
Spectral Purple,809.36
Murash Gaming,808.96
OtherSide,807.94
Nova Esports,806.27
Aspire,804.44
Optix,804.4
FOKUS Sakura,803.38
ZETA Gaming,803.17
Levitate,801.7
Shiba,801.0
Synergy,800.69
GeeKay Esports Cherry,799.61
Tyrant Esports,796.1
Five Ace Esports,794.99
beGenius,790.89
Cruzados Esports Fem,790.86
Hike Digital Esports,789.99
Thailand Attitude,783.27
Lethal Esports,782.62
EXCEL GC,781.33
Koopa Troopas,780.9
Shadownet,776.25
Mammoth ESC,775.87
Todak,775.76
Arctic,775.49
RIZON,774.86
Team Occupy,771.9
Rock Bottom,770.37
Number One Player,770.33
All Gamers,768.3
TradeLikePros,761.04
Incognito,758.23
Real Betis,756.91
Dominus Esports,755.14
Last Round Save,750.87
CNJ Esports,749.36
TYLOO,743.94
Valar Morghulis,740.17
FUZOS,735.62
Four Angry Men,721.16
MLT Esports,720.23
Able Esports,711.63
Paradox Esports,705.21
S2V Esports,701.66
Funcrew,701.27
NOM Esports,700.06
Kowareta,695.27
McTeam,693.98
Panthers Esports,683.91
Night Wings Gaming,680.28
RTZN,676.07
IlluZion,658.13
303 Esports,650.81
KOI,643.47
Medal Esports,639.92
Outplayed,635.77
TBD,628.41
DetonatioN FocusMe,623.14
Invincible Gaming,622.67
Hurricane Of Feathers,609.9
BLX UTD,608.86
Galakticos,608.52
İstanbul Wildcats,605.53
Carnival Gaming,604.22
Team Lixa,598.27
Team Reckaroo,591.28
VICTORY,590.19
Axolotl,582.23
Thunderbolts Gaming,566.8
FTW Esports,559.66
3DMAX,516.51
SPARX ESPORTS,491.34
AYM Esports,214.47
