Team,Peak Elo
FNATIC,2595.07
Acend,2490.99
Paper Rex,2253.17
DSYRE,2228.59
EDward Gaming,2210.25
Sentinels,2088.16
FunPlus Phoenix,2081.86
Alter Ego,2068.14
G2 Gozen,2065.47
Cloud9,2055.82
Velocity Gaming,2054.18
G2 Esports,2053.39
NAOS,2020.64
Team Liquid,2008.62
SAW,1993.44
Ghost Gaming,1975.36
BOOM Esports,1969.73
FULL SENSE,1936.08
Team Heretics,1925.95
Fire Flux Esports,1898.57
BLEED,1896.14
Apeks,1892.71
NRG Esports,1866.43
FUT Esports,1866.29
TSM,1859.07
Giants Gaming,1855.3
M80,1853.06
DRX,1852.72
Immortals,1848.66
ORDER,1841.38
Gambit Esports,1820.85
Absolute JUPITER,1809.39
The Guard,1803.36
Oxygen Esports,1795.47
MOUZ,1770.26
Renegades,1763.68
XSET,1744.85
100 Thieves,1740.85
Diamant Esports,1733.55
Papara SuperMassive,1732.02
Soniqs,1724.0
KRÜ BLAZE,1713.57
Version1,1707.96
Made in Thailand,1705.74
Team Falcons,1696.89
Mandatory,1696.37
GMT Esports,1686.89
UCAM Esports Club,1674.01
Team Vitality,1662.84
Vision Strikers,1659.32
KRÜ Esports,1659.31
CGN Esports,1649.93
LOUD,1631.43
Case Esports,1628.62
TSM Academy,1627.75
Guild GC,1608.07
Knights,1607.46
Global Esports,1606.46
FaZe Clan,1604.28
Guild Esports,1599.74
DarkZero Esports,1596.98
Fancy United Esports,1595.14
Gamelanders Blue,1593.74
Acend Rising,1593.39
Envy,1589.56
X10 Esports,1579.3
Complexity,1574.78
Oasis Gaming,1565.13
ONIC G,1557.02
forZe,1548.27
XERXIA Esports,1540.38
Gen.G,1535.17
BBL Queens,1527.07
Rebels Gaming,1510.85
FENNEL,1506.34
T1,1503.17
Evil Geniuses,1502.42
Natus Vincere,1500.45
E-Xolos LAZER,1499.65
Nearest Airport,1495.07
GTZ Esports,1488.53
TENSTAR,1486.34
Built By Gamers Academy,1482.48
Orangutan,1481.15
Akrew,1480.68
Bren Esports,1478.35
Shopify Rebellion GC,1470.78
Oblivion Force,1470.15
Andbox,1469.2
Teal Seam,1468.82
TENSTAR Nova,1462.78
BIG,1457.56
The Union,1456.83
EXCEL,1452.98
SoaR,1452.5
Crazy Raccoon,1448.83
The Mafia,1448.77
KPI Gaming,1448.73
Oxygen Academy,1448.16
Alter Ego Celeste,1443.29
Team SMG,1440.7
Luminosity,1440.2
Enigma Gaming,1438.52
Team Liquid Brazil,1428.32
fish123,1428.21
ONE Team Esports,1426.16
Dark Ratio,1422.74
Finest,1422.35
Team Secret,1419.3
Cloud9 White,1419.11
LEVIATÁN,1418.87
Opportunists,1415.33
Bigetron Arctic,1413.72
Prodigy,1413.48
Rise,1409.58
Attack All Around,1406.56
EXO Clan,1405.1
Weibo Gaming,1404.28
Team Bliss,1404.28
Team Vikings,1401.88
Built By Gamers,1399.65
FOKUS,1396.68
BOBO,1396.16
Action PH,1395.37
BBL Esports,1393.59
9z Team,1390.22
Pioneers,1384.96
HSDIRR,1383.96
INFINITY,1381.02
need more DM,1380.75
Entropiq,1379.72
DAMWON Gaming,1379.25
Shopify Rebellion,1378.71
Ninjas in Pyjamas,1374.39
DfuseTeam,1369.54
Wave Esports,1367.95
Turtle Troop,1367.86
Keyd Stars,1365.19
Cloud9 Academy,1359.9
Alliance,1351.85
KONE eSports Club,1351.0
ZETA DIVISION,1350.3
NUTURN,1349.99
TERROR.NET,1349.92
Oxxgen Esports,1346.48
Team RA'AD,1342.82
Rix.GG Lightning,1342.03
S2G Esports,1340.52
LDN UTD,1339.12
Zero MarksMen Black,1335.45
PartyParrots,1332.09
Shenzhen NTER,1329.98
ZETA DIVISION GC,1327.17
Australs,1325.04
All Knights,1318.79
FURIA,1314.88
True Rippers,1314.68
NASR Esports,1313.64
Bilibili Gaming,1312.04
Knights Academy,1307.49
Sin Prisa Gaming,1305.35
Six Karma,1304.39
Revenant Esports,1302.93
MAD Lions,1301.58
FAV gaming,1300.91
HEET,1300.85
Joblife,1299.91
nolpenki,1298.93
Team SMG GC,1296.96
NYFU,1295.89
Gentle Mates,1295.0
SBG,1294.96
Dplus Esports,1290.51
OpTic Gaming,1288.89
CrowСrowd,1288.38
Surreal Esports,1287.87
Louvre,1287.83
Tim Tài Trơ,1284.92
Team Falcons Vega,1284.53
TNL Esports,1284.19
Complexity GX3,1284.11
SUMN FC,1283.62
NXL LIGAGAME,1283.17
ex-Giants Gaming,1276.3
Anti Eco Eco Club,1275.93
FiRePOWER,1275.29
Reality Rift,1274.91
Estral Esports,1273.99
NORTHEPTION,1273.8
CERBERUS Esports,1270.46
China Nguyen,1269.93
Parla Esports,1269.89
Barça eSports,1269.16
Gamelanders Purple,1267.86
City Boys,1263.41
Totoro Gaming,1262.52
Tales of Eastern,1262.29
Anubis Gaming,1261.8
ez5,1258.08
Movistar Riders,1257.61
YFP Gaming,1257.53
FlyQuest RED,1257.35
Rare Atom,1257.08
ELEVATE,1255.9
FUT Female,1255.63
On The Way,1253.02
ZOL Esports,1252.51
GoNext Esports,1251.41
Evil Geniuses GC,1247.61
JustLose,1246.53
Squirtle Squad,1246.5
ex-FLICKBAITERS,1244.62
CBT Gaming,1242.92
Northwood University,1242.78
Wildcard Gaming,1241.4
QoR,1241.22
NoPoaching,1240.48
Rio Company,1238.31
Radiance,1238.15
Geekay Esports,1229.03
SCARZ,1228.83
HOWL Esports,1225.65
RIDDLE ORDER,1224.21
Sharper Esport,1221.91
Disguised,1221.36
MIBR,1221.19
Steal Your Glory,1221.09
Cosmic Divide,1220.25
95x Esports,1216.78
Mamba Mode Gaming,1216.14
One Breath Gaming,1215.71
Ariana Grande Perfume,1214.49
HypHypHyp,1214.35
Zerance,1213.79
PCIFIC Espor,1213.62
Xipto Esports,1212.97
19esports,1211.59
Ninjas In Pyjamas,1210.8
PPP,1210.18
Lenny Time,1209.6
Mindfreak,1209.56
MiTH.Attitude,1209.44
Papara SuperMassive Female,1208.77
Natus Vincere Celestials,1206.9
KOI,1204.53
PEACE,1204.18
KOVA,1203.24
together we are terrific,1201.91
FABRIKEN,1198.71
bonk,1197.78
Todak,1197.78
DNADIFF,1197.53
REJECT,1196.14
Blinn,1195.73
Enterprise Esports,1195.06
F4Q,1194.09
VALIANT,1194.0
NASR Ignite,1193.06
Incheon On Sla2ers,1192.28
Moon Raccoons,1191.59
VIRTUOSO,1191.31
Fox Gaming,1190.13
Royals,1190.1
Rapid Ninjas,1189.11
Team Portugal,1186.63
UBT Esports,1186.07
Team Singularity,1185.93
LDM Esports,1185.27
FUSION,1184.77
NerdPunt,1182.89
Morph Impact,1182.62
ahq e-Sports Club,1180.47
Hero Base,1180.04
Team XO,1179.04
Wygers Argentina,1177.2
VX300 Gaming,1176.75
RETA Esports,1174.5
STEALING LUNCH MONEY,1172.77
Moist x Shopify,1172.15
ORGLESS,1171.84
Kooky Koalas,1171.71
Team Flash,1169.66
2Game Esports,1169.02
Fusion Fraggers,1168.92
FAKEZIN,1168.8
Arroz,1168.55
KPC Computer Studio,1167.65
Team NKT,1166.7
ChatBanned,1164.62
X10 Sapphire,1161.2
Serenity,1160.67
2G4L,1160.59
M3 Champions,1160.04
McBTSMac,1158.03
Botafogo eSports,1157.18
smoke,1156.83
Los Grandes,1156.82
Bonkers,1156.8
OLD STINKY CAT,1156.74
Kizuna Esports,1155.49
Purple Cobras,1154.95
EGN Esports,1154.2
HONEY BADGERS,1152.73
Worst Players,1152.42
CISFAITH,1152.28
LaZe,1152.2
Reject$,1150.11
Akave Esports GC,1149.67
Fire Flux Fierce,1149.03
Team Eastern Europe,1148.75
WiLD MultiGaming,1148.55
ex-EXO Clan,1148.23
Cloud9 Korea,1148.19
Border Monsters,1146.88
Angry Titans,1146.88
Noble,1146.86
Liberty,1146.5
Bottom Fraggers,1146.32
Eloquence,1146.03
Sangal Esports,1145.78
R8 Esports,1145.59
Dignitas,1145.36
Requiem,1144.63
EGO,1144.51
Ghetto Artist,1144.41
SMARACIS eSports Female,1144.17
NSIC,1143.95
Zeal Esports,1143.83
Trident Esports,1143.79
Megastitut,1143.67
THE 7,1143.5
Galatasaray Esports,1143.42
Rex Regum Qeon,1143.41
Suning Gaming,1143.39
YONK,1143.16
Sakura Storm,1142.81
Team Launch,1142.14
Supernova Galaxy,1142.11
Macko Esports,1140.93
Winthrop University,1140.44
Arbalest,1139.96
Brimstone Gaming,1139.4
St. Clair Saints,1137.31
animel,1137.13
Equinox Esports,1137.1
Jacked Gamers,1136.13
Ground Zero,1135.95
Balanced Esports,1135.47
Kingsmen,1135.19
Disguised GC,1134.72
Team Mixwell,1134.52
Attacking Soul Esports,1134.04
Passion Project,1133.85
Team Toxic,1133.44
LFG Portal,1132.89
Royal Never Give Up,1132.42
OREsports,1132.19
Dragon Ranger Gaming,1130.99
CLG Red,1130.13
Rebels Velvet,1129.78
GIANTX GC,1129.52
Team Queso,1129.4
Thinking Men,1129.02
flawless,1128.38
JiJieHao,1128.01
eXiLe eSports,1127.82
OG,1127.6
The Nation,1127.5
Indonesia,1127.12
SaD Esports,1126.93
SweetNsour,1126.92
Goofy Goobers,1125.23
Inside Games,1125.01
iPon Esport,1124.83
Team oNe,1124.42
Monarch Effect,1124.29
L'institut,1124.1
NOM Esports,1124.1
FishkaVTom,1123.79
Unicorns of Love,1123.79
Chipi Chapa's,1123.43
Aster Army,1123.16
Pancada e Amigos,1122.53
FENNEL GC,1122.48
Misfits Black,1121.99
Imperial Esports,1121.94
Big Frames,1121.92
FTW Esports,1121.68
Chao Hui EDward Gaming,1121.68
Stampede Gaming,1121.58
FPL-C,1121.54
Gods Reign,1121.02
IVY,1120.93
Team Empire,1119.91
OOKERS,1119.38
Les Petits Bouffons,1119.07
SHIFT,1119.02
Justice For Tomorrow,1119.02
Case Hydra,1118.22
Fordon Boars,1117.49
SLICK,1116.98
Digital Athletics,1116.19
Phoenix1,1115.8
Cicadas Gaming,1115.79
carameloo,1115.44
Trace Esports,1115.3
BASILISK,1115.25
Skull Cracker Quartz,1115.25
ODDIK,1114.75
Teal Seam 1.0,1114.27
mouseSpaz,1114.16
Buscando Org,1113.7
Third Impact,1113.6
MIBR GC,1113.39
SUPRMODE Gaming,1112.71
Mir Gaming GC,1112.35
Alliance Coven,1112.25
Crima's Disciples,1111.75
Chosen Clique Gaming GC,1110.24
Reven Esports,1110.23
ex-Serenity,1109.87
PACT,1109.73
Team Valor,1109.43
GodLike Esports,1109.12
XIT,1108.67
Bren Esports Victress,1107.81
ZETA Gaming,1106.69
Human Tripwires,1106.55
Lotus Knights,1106.53
LAG Gaming,1106.42
Odd 1 OUT,1105.6
Samurai Esports,1105.38
Team Exploit,1105.02
NOORG2.0,1104.94
Team Türkiye,1104.94
Booster Seat Gaming,1104.62
LOUD GC,1104.62
Rix.GG Thunder,1104.5
Falkol eSports,1104.49
ARF TEAM,1104.15
Uruguay 3,1103.82
Team SHIFT,1103.39
Jadeite,1103.36
Brasil 2002,1103.28
Generation of Miracles,1103.1
Rix.GG,1102.69
where is fullerton,1102.45
team xz,1102.36
Dewa United Esports,1102.03
LIZHI,1102.01
CRIT Esports,1100.97
Xi Lai Gaming,1100.4
Sunsparks,1100.04
YaLLa Esports,1099.89
DKS Esports,1099.78
Griffin E-Sports,1099.39
StartedFromCS,1098.79
Team BDS,1098.77
RRQ Kaguya,1098.65
Douyu Gaming,1098.4
Philippines,1098.31
CR4ZY,1097.42
Vietnamese Curry,1097.16
Orquestra do Maestro,1097.11
Galaxy Racer,1097.05
Raise Your Edge,1096.82
TBK Esports,1096.48
The Better LG,1096.45
Don't Even Ask,1096.26
Karmine Corp,1096.01
Avant,1095.78
Sharks Esports,1095.61
Eternal Fire,1095.58
99 Strength,1095.43
ArkAngel,1095.3
Team Turkey,1095.18
Elysium,1095.11
Squad5,1094.75
YAMAGAN,1094.57
pug123,1094.52
Axsor,1094.12
Zero Tenacity,1093.77
Anatolia Esports,1093.59
HGE Esport,1093.56
Arena Internet Cafe,1093.25
Laboratorio do Leozin,1093.2
BANKAI,1092.98
THE HERO DETA,1092.9
Betrayed's Fantasy Team,1092.64
RED Canids,1092.31
HMBLE,1092.13
No future life is over,1092.12
AG,1091.85
DREAMCHASERS,1091.84
Pit Stop,1091.61
LAZY,1091.4
Lunaris,1090.72
NG.Black,1090.67
XPLDZ,1090.64
Galaxy Esports,1090.59
Team Big BAAM,1090.52
VIKINGS Fourteen,1090.46
unsigned,1089.59
SPEAR GAMING Female,1089.55
who cars?,1089.15
Funkboings,1088.93
Zeta Gaming,1088.93
5ynerG,1088.59
No Namers,1088.58
BK ROG Esports,1088.44
l3wandowski,1087.81
EX0TIK GAMING,1087.57
FW Esports,1087.53
Team wtcN,1087.28
KPMOONIIBLM9,1087.09
ex-SV Empire,1086.57
Gwangju Shadow,1086.49
PROJEKT RADIANT,1086.12
Reve Drift Arena,1086.11
Tactical Five,1086.1
Next Gen,1085.98
Pants Down,1085.64
Over Quality,1085.42
beGenius,1084.95
Destined,1084.74
Team AsLanM4shadoW,1084.65
We Don't Care,1084.62
BreakThru,1084.52
Sum 2 Prove,1084.42
UNtapped,1083.95
FUSION X,1083.74
The First Order,1083.53
TOP Esports,1083.48
Valstars Gaming Female,1083.42
Gaimin Gladiators,1083.36
Tropa do avanço,1083.3
Son of 4 Dogs,1083.18
Team Frankkaster,1081.77
Mystify,1081.72
Serenity Black,1081.45
Team ardiis,1081.42
OS CARA CEGO,1081.42
Rise Gaming,1081.29
Demon,1081.22
ex-Serenity Black,1080.98
LEVIATÁN GC,1080.94
GARUDA,1080.73
Moist Moguls,1080.7
Legacy GC,1080.32
Unemployed,1080.21
BOY WITH LOVE,1080.14
Team tarik,1080.07
DIVIZON,1079.92
MUTED,1079.86
ISOL-BULIL,1079.77
Nigma Galaxy Female,1079.61
Stream Raiders Nacague,1079.43
Dark Passage,1079.25
FFQ,1079.1
STR99,1078.96
looking4org,1078.62
DELIRAWOW,1078.34
Team NAME,1077.92
Frogless,1077.46
Brave Wolves,1076.55
BTR,1076.46
Pretty Boyz,1076.42
SLT Seongnam,1076.39
Torch,1076.39
Notick,1076.05
Beşiktaş Esports,1076.02
Van Lyn,1075.84
Highground,1075.55
FOCUSGG,1075.52
Team mch,1075.42
Team sabagod2,1075.42
PUGSTARS,1075.32
FANGZ,1075.19
Team Duelist,1074.94
BCR,1074.86
rubberduckies,1074.8
World Game Star,1074.72
DIVIZE,1074.6
Oxyg3niOus,1074.58
Vorax,1074.2
Galorys,1074.06
Fire Flux Young,1074.03
Timing Monster Gaming,1073.96
paiN Gaming,1073.93
Never Woulda Thought,1073.91
Cyber Wolves Esports,1073.88
Homeless,1073.79
Vietnam,1073.77
Catgirls,1073.64
Moscow Five jr,1073.55
Team blue_mx,1073.44
IVAN,1073.1
Chakalaka,1072.87
GoNGo Prince,1072.81
B7 Warriors,1072.32
NeverDone,1072.26
İstanbul Wildcats,1072.23
GochuGaru,1072.12
Actually Homeless,1072.09
Falcons,1072.01
MAJKL,1072.0
aNg DarkHorse,1071.73
eSuba,1071.46
ESC Gaming,1071.3
TSM X,1070.99
Alpha Esports Pro,1070.16
A$AP,1070.03
UNTAMABLE BEASTS,1069.71
FLUFFY AIMERS,1069.69
beastcoast,1069.66
FULL SENSE SAPPHIRE,1069.38
Insight,1069.24
LOL,1068.94
Paw Pals,1068.91
Cyberking Esports,1068.85
NYX Kyosei,1068.8
Villains Esports,1068.36
YFP X,1068.26
VIMDOLOL,1068.17
Minaweebs Money Crew,1068.02
Bon Bon Bum,1067.97
Chapter 4,1067.9
RevoadaVLR,1067.63
IAM,1067.62
Roosters,1067.19
UwU,1067.07
Fenerbahçe Esports,1067.05
Kafalar eSports,1066.92
OnlyFins,1066.81
Morning Light,1066.71
Gen.G Black,1066.71
B4 Esports,1066.59
G2G Esport,1066.53
MBU Spartans,1066.27
FrenzyGoKill,1066.08
Bait Academy,1066.01
Nemesis,1065.92
CITRON CHIEN,1065.65
Sengoku Gaming,1065.61
Hashira,1065.61
Purple Mood E-Sport,1065.57
Straight Outta The Zoo,1065.45
FaZe Clan GC,1065.32
MYVRA,1065.22
DeToNator,1065.2
Persija Esports,1065.18
Karmine Corp GC,1065.0
Oni ni Kanabou,1064.84
Fenrir,1064.65
THOSE GUYS,1064.56
Team Sh0ts,1064.53
fiVe,1064.53
o7,1064.53
Zen eSports,1064.17
ATROPELADOS,1064.14
noOrg,1064.09
Dire Wolves,1064.05
Valorando,1063.94
SNIPER ELITE,1063.57
Surrenderers,1063.57
eStar Gaming,1063.51
Procyon Team,1063.5
AURA DIFFERENTIAL,1063.5
alltheRAGE,1063.47
Honvéd Esport,1063.24
RIMA GC,1063.22
Mod-Z,1062.86
VISU Gaming,1062.81
MUYAHO,1062.8
Kanga Esports,1062.59
Overtime Esports,1062.59
Salt and Vinegar,1062.58
Ramboot Club,1062.5
Team Sacy,1062.29
THE ORIGINALS,1062.29
ex-O2 Gaming,1062.26
TooGoodForLan,1062.11
Sicko Mode,1062.08
Team pannshi,1062.03
Frick Ya Bag,1061.99
Kungarna,1061.94
Mix,1061.9
With the boiz,1061.81
No Hope Gaming,1061.72
Entropiq Bravo,1061.59
Mik0nsDisciple,1061.38
Team Maryna,1061.36
sqn 2.0,1061.35
DPE,1061.24
Team Brax,1061.15
NARODNI GARDA,1061.05
RARE Esports,1060.96
NOVO Esports,1060.92
BlackBird Ignis,1060.88
QLASH,1060.69
OQ academy,1060.67
Ballista,1060.49
Twisted Minds Esports,1060.39
Last Dance,1060.37
Vexed Gaming,1060.35
Team OGS,1060.33
FLICKBAITERS,1060.22
MLT Esports GC,1060.17
SJSU Blue,1060.02
Acadêmicos do Tucuruvi,1060.02
Divine Vendetta,1060.0
raeB's Anime Club,1060.0
Team BABYBAY,1060.0
Spacestation Gaming,1059.99
sisu,1059.89
Valar Morghulis,1059.81
DRX Changers,1059.75
Aim.Attack,1059.63
Wingman Patrol,1059.63
Team draken,1059.48
FOKUS & Friends,1059.42
Run it Down,1059.1
Akroma,1059.07
Thailand Attitude,1058.89
Team Sarah,1058.85
Lunatic-Hai Flax,1058.85
Mustache Men,1058.79
FUZOS,1058.78
Team Kobolds,1058.73
Stellae Gaming,1058.72
Team 69,1058.71
Team Starriebun,1058.6
Team nookyyy,1058.59
Team Invictus (India),1058.59
FOGUETE,1058.52
Malaysia,1058.31
Huat Zai,1058.3
OK,1058.07
FEARUS,1058.01
BREF,1057.94
GameLab Alpha,1057.93
Giants G4E,1057.84
Team Benelux,1057.73
MAJSTERSZTYK,1057.72
Team Mickalow,1057.71
HONK,1057.64
Mad Science,1057.64
MJAOMODE,1057.62
0 Training,1057.48
Globant Emerald Team,1057.41
FIVE Media Clan,1057.35
SBTC Esports,1057.3
:3,1057.23
Waterbottle,1057.2
VVS,1057.17
Quantum Strikers,1057.16
FTW Leça FC Esports,1057.0
Singapore,1056.81
Anata,1056.69
DivisionX Gaming,1056.69
Crypto Esports,1056.69
ESportsConnected,1056.62
XSOUL,1056.62
DVM Esport,1056.48
Cave Canem,1056.47
Tundra Esports,1056.44
Toon Balloons,1056.33
Team Florescent,1056.28
Rebirth Esports,1056.15
IGZIST,1056.06
Nuclear GC,1056.06
Hike Digital Esports,1056.02
Predestinados,1055.98
Cream Real Betis,1055.86
Number One Player,1055.84
Froggers,1055.79
Cyber Skull Esports,1055.59
Boba Boys,1055.54
Team Mendo,1055.47
Team Taimou,1055.47
DELIRA,1055.43
6045Pirates,1055.21
ciszej,1055.16
InetGamer,1055.15
Monkey Business,1055.0
B8 Esports,1054.76
Untouchaballs,1054.46
REiGN,1054.44
Team UK,1054.35
Insomnia,1054.13
Team Spain,1054.07
Arctic Gaming Mexico,1054.04
South Built Esports,1053.74
Argon Black,1053.66
Rank El Cuties,1053.42
GMBLERS,1053.33
SunXet Club Fem,1053.15
SE ATLAS,1053.12
Funcrew,1053.08
Before,1052.97
Gravitas,1052.74
SV Empire,1052.66
TFT DEMONZ,1052.63
No Pressure,1052.59
TooManyQuestions,1052.51
Girl Kissers,1052.51
Ninjas in Pyjamas Lightning,1052.45
ATLETEC,1052.25
shiba n the homies,1051.97
BEAST,1051.86
ONi,1051.76
BWG,1051.73
VALIANT GC,1051.7
LONETEAM,1051.65
Tek Gaming,1051.33
Illuminar Gaming,1051.03
Never Give Up,1050.92
N1MP,1050.5
RATVI,1050.4
Professional Malders,1050.39
Clarity ESC,1050.28
Real Betis,1050.23
Aricat Esport Family,1050.14
Exceptis,1049.6
SuperStars,1049.53
Sekai,1049.42
POLARITY,1049.33
Veni eSports,1048.99
ROX TEAM,1048.97
W Streak Esports Female,1048.83
5MOKES,1048.78
Reveal Multigaming,1048.43
Carti World,1048.35
QConfirm,1048.33
THEX,1048.01
Way 2 French,1048.0
BOBA,1047.81
Furious Gaming,1047.53
VAC Kimchi,1047.5
TAMU Maroon,1047.4
Not WVU,1047.31
All Ways Incheon,1047.06
Team hz,1047.05
Anonymo Esports,1046.97
Team Cruelty,1046.85
Legacy Esports,1046.78
Tale Quale,1046.75
Bravado Gaming,1046.49
이사가자,1046.17
No Mercy,1046.06
PEI WAN E-SPORTS,1045.99
Rugratz,1045.88
Org Not Found,1045.86
MLC Esports,1045.86
mesos millionaires,1045.81
Imperium Gaming,1045.79
Team Sampi,1045.76
Crime City,1045.66
Mixery,1045.49
EMOJIPOUCE,1045.09
Rugrats,1045.0
Reckoning Esports,1044.97
Clanless,1044.95
Stars Horizon,1044.92
Trinity Five,1044.79
She's Broke We're Up,1044.57
Zillenials,1044.39
Project SW,1044.38
XcN Gaming,1044.26
Lucky 7,1044.14
genziary,1044.12
CNJ Esports,1044.1
SHERPA,1044.09
TRAMPET,1043.96
Granjeros,1043.95
Native Gaming White,1043.95
JMNY6,1043.86
LP33,1043.85
Sanri-O's,1043.84
REIGNITE,1043.79
Panthers Esports,1043.77
Sealed,1043.74
unjobbed,1043.72
Carleton Ravens,1043.65
AoeXe,1043.64
DetonatioN FocusMe GC,1043.5
Nezuko Gaming,1043.42
Team Demiral Esports,1043.42
ZaPs Clan,1043.39
Team Aku Aku,1043.35
JustUs,1043.23
Valee Thai Esports,1043.2
AxX,1043.12
Team Name,1043.07
REIGNITE Lily,1043.02
devils.one,1042.97
Neons,1042.87
Renatus White,1042.71
Formulation Gaming,1042.69
ZEROZONE,1042.63
MOTV,1042.49
unnamed,1042.47
Unity Esports,1042.43
Into The Breach Prime,1042.43
Sila4i,1042.43
MEOGANG,1042.42
GX3,1042.39
Ambitious Legend Gaming GC,1042.36
TEAM INDIGO,1042.33
Friendlyfire,1042.31
Team666,1042.29
Christians Rottweilers,1042.29
Undead Gaming Fem,1042.29
HOWL Moonlight,1042.29
DetonatioN FocusMe,1042.26
Hanma,1042.23
Crash Landin on You,1042.22
303 Esports Orange,1042.16
TopHard Esports,1042.14
Wygers,1042.09
Team juankorea,1042.03
OBK,1042.0
LJG,1041.87
Intensity,1041.82
Wyvern,1041.76
illusioń!,1041.75
having fun,1041.6
Prospects,1041.55
ShockDart,1041.39
Momentum Based,1041.37
PLAYMAKERS,1041.3
Union Gaming,1041.18
Wombocombo Team,1041.15
Excelsa,1041.15
Victory Formula,1041.15
Team Arrow,1041.15
Team Singularity Female,1041.15
The Ruffian Goats,1041.15
chiu,1041.15
Estar Esports,1041.15
Team Occupy,1041.15
Insight Gaming,1041.15
Murash Gaming,1041.15
swaglord9000,1041.15
SUPER SHY,1041.08
KOPFSHOOTAZ,1041.07
VAMONOS,1041.05
T1 Korea,1041.03
Stars Horizon Vênus,1040.94
Reformed GC,1040.87
Only One Word,1040.78
Magic Five,1040.77
Team France,1040.75
fReya,1040.7
Young Nutters Club,1040.58
99Percent.,1040.56
iCEGunmandu,1040.56
team cotch,1040.55
Space Cowboys,1040.4
Big Bang,1040.39
The Capitol Arise,1040.37
Kamil Klein new chapter,1040.34
XTZ Esports,1040.32
OC Esports,1040.27
Akave Esports,1040.24
Country BoyZ,1040.15
DETONA Gaming,1040.12
avg25iq,1040.08
down bad,1040.08
Cairo City G'zzz,1040.06
Sangal Rebels,1040.06
Purr-fectionists,1040.06
BAKEMON,1040.0
Nora-Rengo,1040.0
Viboras,1040.0
NOTRAB,1040.0
Team123,1040.0
Team Fearoth,1040.0
Les Braqueurs,1040.0
Las Vegas Inferno,1040.0
PASSAROS DO AMORS,1040.0
MOTHERBOARD THIEVES,1040.0
Infinite Esports,1040.0
Moon Raccoons Black,1040.0
Ghost CommandoS,1040.0
Damaru Gaming,1040.0
MAD Army,1040.0
Team SGD,1040.0
ANYWAY,1040.0
X Team Bo,1040.0
Team ethos,1040.0
Team AverageJonas,1040.0
UT Dallas,1040.0
UCR Blue,1040.0
black team,1040.0
RED TEAM,1040.0
Team Tiffae,1040.0
eu e minhas mana,1040.0
Penguin Party,1040.0
HaoXiang Gaming,1040.0
Apexis,1039.98
Team Japan,1039.93
Jeremiah,1039.93
Maru Gaming,1039.93
GE Fighting,1039.91
TYLOO,1039.87
fletcher fan club,1039.87
AVENUE Esports,1039.83
Italian Hope,1039.78
Sector One,1039.77
LANPACAN,1039.76
Gaming Up,1039.72
CoT,1039.71
Ambrosia,1039.56
asians and stellar,1039.56
SZK Esports,1039.54
GGmate,1039.5
revoada,1039.43
Triple Esports Club,1039.41
Hamtori ZunDeZinx,1039.34
Overkill Black,1039.29
Skwirel Warriers,1039.17
Tuzzy E-Sports,1039.11
Looking For Sponsor,1039.01
NXT,1039.01
LBS Esports,1038.92
Cage Triggered,1038.91
Control,1038.89
Team 28,1038.86
Valiant PBL,1038.86
Lankräm,1038.85
ZEITGEIST,1038.85
EZclap,1038.85
Treinão do Fra,1038.85
CGC UIC,1038.85
UBC Esports,1038.85
Capybara,1038.85
The Grid,1038.85
Ascendancy,1038.85
The Who?,1038.74
Rhyno Esports,1038.72
Old Times,1038.63
Seniman Grooming,1038.62
Hitbox,1038.62
Shidiots,1038.58
Fear Eater Esports,1038.58
Villainous,1038.52
Mochi Fanclub,1038.48
UxMi ACE,1038.45
KG Network,1038.43
WALTEM Gaming,1038.41
Team Solaaaa,1038.4
FeaFeaFea,1038.36
GhostFamily E-Sports,1038.35
Wildflowers,1038.32
TurningMecard,1038.28
Tài Năng Trẻ,1038.27
CBA,1038.25
Feel the Wood,1038.18
Metizport,1038.11
Dreamwalker,1038.05
next_viigraem,1038.03
Dobeg,1038.02
TheBAIS,1038.02
Five Ace Esports,1038.0
Killer Angel Girls ESC,1037.96
Lariox Esports,1037.93
Unknownpros,1037.93
Outplay Uprising,1037.88
The Silk Road,1037.76
TropiCaos,1037.75
Team Valkia,1037.71
Team kennymcc,1037.71
FFT,1037.71
Team KP,1037.71
Sector One Wings Program,1037.71
26 Rising,1037.68
FOXNGAME Esports,1037.62
Sedated,1037.61
URACHACHA,1037.57
REIGN,1037.5
The Boys,1037.42
Brave,1037.33
NO CONTRACT,1037.18
BRATAN MIX,1037.0
Burgerville,1036.97
PEEK Gaming,1036.9
roughtimes,1036.89
Looking For Org,1036.78
Moscow 5 Academy,1036.77
franchise team,1036.75
Dambis,1036.69
Team CIS,1036.68
Nerdnecks,1036.44
milenut hannie,1036.43
spongebob squarepants,1036.4
Bjor's Kittens,1036.37
Frag Ya Bag,1036.34
Cyber Geek,1036.21
Team FYB,1036.09
FREEAGENTS,1036.03
Jordani,1035.94
Resonate,1035.83
Clinically Insane,1035.83
Vireo.pro,1035.72
MIRONGA VIRUS,1035.71
Alternate Realities,1035.53
Edelweiss Esports,1035.35
Carpe Noctem,1035.33
LITHUANIAN UNITED,1035.27
Team ANGE1,1035.25
Berzerkers Night,1035.21
AROS,1035.05
Ninjas in Galaxy,1035.01
Team Divinity,1034.92
Fastelle,1034.92
Jays Finest,1034.86
VARREL,1034.81
SKADE,1034.79
Vincit Gaming,1034.65
Team Underrated,1034.49
Barn nong chok,1034.28
Take Flyte,1034.2
-sheesh-,1034.15
INGAMING Esports,1033.98
Mercury,1033.89
Team 2D,1033.77
Arca do Marlow,1033.75
Asterisk,1033.73
XIAO,1033.7
Lightning,1033.69
SOTZ V2,1033.64
Stars Horizon Venus,1033.58
Pokemon Go,1033.5
Alien Anonymo,1033.43
Falke Esports,1033.4
UTT Esports,1033.36
Newstar,1033.32
Warriors,1033.08
Team Brave Soldiers,1033.05
5NOOBS,1033.01
Built For Greatness,1032.99
Titan Esports Club,1032.82
Connect Gaming,1032.73
All Around Savants,1032.68
PENTA,1032.61
Project S,1032.5
ZOL Meraki,1032.42
nevermindgg,1032.33
DawN,1032.32
Mekong Gaming,1032.13
Lil Bros,1031.98
Sunday's Best,1031.88
Need Sponsor,1031.78
ORGLESS5,1031.56
Solary,1031.55
Noble India,1031.4
00Nation,1031.32
Chosen 1s Black,1031.26
Vivace Vista,1031.21
APEX PEOPLE,1031.18
No Org,1031.12
keepYOURskill,1030.66
Team Snakes,1030.65
BearClaw Gaming,1030.58
instalocked,1030.41
Sdobbies,1030.31
M1syl and friends,1030.27
TwoKay,1030.18
Valkyrae Gaming,1030.07
Thanos Mug Academy,1029.84
VCL REJECTS 2.0,1029.78
VASTA Gaming,1029.77
Mookah Rabbits,1029.61
ENDER DRAGON,1029.59
No Org Found,1029.55
NOITE PAULISTA,1029.44
Walküre,1029.43
King of Gamers,1029.42
Y10.5,1029.37
ehehxd,1029.24
Teo Teo Teo,1029.08
Neema's Money Crew,1028.71
Socks up Nyx,1028.7
GEEKZ ENERGY eSPORTS,1028.66
Piercer Esports,1028.5
Warthox Esport,1028.41
Tyrant Esports,1028.23
Nebula,1028.19
Maryville University,1028.14
Bikini Bottom Pratahouse,1028.0
Infinity X,1027.95
Akatsuki,1027.91
Nongshim RedForce,1027.82
GODSENT IRIS,1027.78
Pack a Punch,1027.72
Vandal Only,1027.5
Talon Esports,1027.41
Team MysticX,1027.38
153,1027.27
Olympus Gaming,1027.07
9z Team GC,1027.02
Wolfwood,1027.01
Szypko,1026.73
DreamFyre,1026.71
マザゾディア,1026.7
Paraplegic Buffalos,1026.64
Pepe E-Sports,1026.63
CrouchShoot,1026.62
favela aimers,1026.6
Foxy Araikordai,1026.57
Second Wind,1026.52
NEXGA,1026.43
Zerance Mint,1026.38
Ispíní Enjoyers,1026.37
Nigma Galaxy,1026.2
Team Cohesion,1026.12
BISONS ECLUB,1026.1
Crocodile Tears,1025.99
Demon Time,1025.88
BTR Fanclub,1025.63
FULLCS,1025.58
Straight Outta Retirement,1025.55
Black Dragons,1025.43
tba,1025.32
XX Chromosome,1025.17
Bandit ESC,1025.12
EXEN Esports,1025.08
Solidarity,1025.03
SaD Purple,1025.03
UndeRank,1024.89
Headshot Percentage,1024.88
NMDM,1024.84
Oden Kozou to Sekai no Otokotachi,1024.84
Team Karma,1024.83
Nguyeners,1024.72
Arcana,1024.6
CYCLOPS athlete gaming,1024.47
Hero Zero ANUBIS,1024.46
Lost Eden,1024.36
seeker,1024.34
Renatus Black,1024.34
4Real,1024.31
Snowmen,1024.3
Team cNed,1024.25
Onyx Ravens,1024.13
WATAHA,1024.12
DSYRE Elevate,1024.11
Mattistack,1024.07
GOMA,1024.06
FS Esports,1024.06
Most Prolific,1023.95
OldTownRoad,1023.92
dart monkeys,1023.92
Sharp-Clan,1023.9
w o o p e r,1023.84
AIMPUNCH.,1023.75
trying to win,1023.71
Kitten Shelter,1023.64
iwnl,1023.59
MTP Esport,1023.56
NAPOLYON,1023.53
Athletico Zombies,1023.51
All Born to Clutch,1023.47
Zero MarksMen Silver,1023.4
RTZN,1023.37
Full Power Gaming,1023.35
R!OT Gaming,1023.33
Team dizzy,1023.3
All Aim,1023.29
STELLAR,1023.25
jiliboo,1023.23
CVA,1023.23
Monaco Esports,1023.22
Peek Performance,1023.11
ArchiGoKill,1023.1
Ex-Dallas Vendetta,1023.08
Renegados,1023.01
Tedward Gaming,1022.99
YFP White,1022.87
Esport Generation,1022.86
FT Silvxs,1022.79
Funky Monkeys,1022.78
Team Italy,1022.76
ZFGaming,1022.75
Spectral Esports Blue,1022.74
lintik kayo,1022.73
unpaid dogs,1022.73
Santiago Wanderers,1022.7
Gank Gaming,1022.69
Legacy,1022.67
LAGOS,1022.66
Extenzy Gaming,1022.66
Melilla Titans,1022.66
Eintracht Frankfurt,1022.66
WATEr,1022.65
PING Cheetahs,1022.64
clowns,1022.59
fOu Clan,1022.59
FA,1022.56
Realism Esports,1022.56
Shingeki No Kyojin,1022.51
MCT Esports,1022.51
Gorgless,1022.41
UWaterloo Gold,1022.41
Hayal Sahnesi Goddess,1022.4
PuR eSport,1022.39
Noir,1022.38
ANBU Elite Gaming,1022.34
Tactical Throwers,1022.32
apinaorkesteri,1022.26
Obsidian Esports,1022.24
TotalePRO,1022.24
Santa Gang,1022.24
Mystery Inc.,1022.23
Criterion,1022.2
Le Crapaud,1022.2
Shaverma,1022.17
Winx Club,1022.16
Full House,1022.16
deathwish,1022.13
Niory Esports,1022.12
Team Mystic Venus,1022.11
Swear To God,1022.1
Decisive,1022.08
Hazmat.gg,1022.07
Valorians,1022.06
LGD Gaming,1021.98
Paratroops,1021.97
Fenix Gaming,1021.96
Team Drone,1021.95
Amateur Team,1021.91
vanished,1021.9
Abaddon Abyss,1021.9
Wheels,1021.88
riribunobsumi,1021.81
YourBunnyWrote,1021.8
OSKARAVELHO,1021.78
Code7,1021.75
CLB,1021.75
GRANIT GAMING,1021.74
RD E-SPORTS,1021.71
Casaless,1021.63
PURPURE,1021.6
Grow uP eSports,1021.57
AtmosFear,1021.56
Sandwich Eaters 40,1021.54
Antic Esports,1021.48
SLAMMING GEARS,1021.47
Team zonixx,1021.46
Team DACH,1021.42
Team Davidp,1021.39
CREST GAMING Stellar,1021.38
SCYTHE NWJ,1021.34
Project X,1021.33
Team Joy,1021.3
+22,1021.28
UCF Knights Black,1021.28
DELIRA Female,1021.27
Hajty,1021.26
Palinka,1021.26
IRIS,1021.24
Budapest Five,1021.24
Sk8tr Boyz,1021.23
X64,1021.23
Resurrection Sickness,1021.22
mismashhh,1021.22
não temos um plano,1021.22
Mommy's Kittens,1021.22
SLOTS GAMING,1021.21
Fear Legends,1021.2
Amanda's Money Crew,1021.19
OtherSide,1021.18
SCARZ GC,1021.18
Unsold Stuff Gaming,1021.17
100Jobs,1021.16
Spanish Dogs,1021.15
Aion Esports,1021.15
Team RosieRiver,1021.15
Turgutlu Belediyesi Esports Ladies,1021.15
FragHunters,1021.15
I.C.U.P,1021.15
Indiana Hoosiers,1021.15
Blater,1021.15
17Gaming,1021.15
Trace Esports GC,1021.15
LilBabies,1021.14
Blue Rose,1021.14
Fisher Navy,1021.13
NongWaen,1021.1
KÖSTEBEKGİLLER,1021.1
flopperfishers,1021.09
Rub n' Pug,1021.09
The Goose House Lunar,1021.08
Here to Gamble,1021.08
Shifty505,1021.08
One Percenters,1021.08
UnSigned,1021.07
Team China,1021.07
Tarren Mill,1021.06
Dwanes Ducks,1021.06
StarlessGG,1021.05
Breakout,1021.04
Pound Town,1021.04
ShengJie Gaming,1021.03
Clarity Esports,1021.03
Dem Boys Cold,1021.02
The Ganaccis,1021.02
os piticos,1021.01
9to5 workers,1020.99
OhMyGirl,1020.96
Team Leveling,1020.95
Realism Esports Black,1020.93
BLAHAJ,1020.88
Team Mahi,1020.88
Team Roquette,1020.86
Nice Cars,1020.8
Pro Hub Gaming,1020.79
ORO Esports,1020.77
Anuncie Aqui,1020.75
FuelCore,1020.71
Lethal Esports,1020.7
iladies,1020.66
Nonnegative,1020.63
Team Frog,1020.59
ENDER,1020.57
LRNJ,1020.53
PROPARTY,1020.51
SOR,1020.49
MAD Lions KOI,1020.48
Deja Vu,1020.45
The Reaper,1020.45
Mogo eSports,1020.45
Oxygen Supremacy,1020.41
H2O,1020.38
FULL BOX 200,1020.38
volvo peek,1020.37
DeftFox,1020.31
REVIVAL,1020.29
Astro World,1020.27
AU POINT,1020.26
Nation Gaming,1020.26
Flow State,1020.24
H34DHUNT3RZ,1020.24
ILLICIT,1020.21
Salt Esports,1020.2
Donoobs,1020.19
Karagümrük Esports,1020.18
oogabooga,1020.17
ever.wc,1020.16
Orgless,1020.15
Vision Esports,1020.14
Spotlight,1020.11
Leftovers,1020.11
Bad Boy Crew,1020.11
2red,1020.09
Dylema Gaming,1020.07
WLGaming Female Stars,1020.07
ANARCHY,1020.06
Gumkáči,1020.06
Chosen Clique Gaming,1020.03
Siomai and Friends - Meraki,1020.02
HolyMolly,1020.01
Last Minute Heroes,1020.0
Team Shroud,1020.0
LEMONn,1020.0
StarS,1020.0
Shazoo,1020.0
AKATSUKI,1020.0
SimpleMinecraftPlayers,1020.0
Trees Money Crew,1020.0
Full Focus,1020.0
Team Lothar,1020.0
Team ocheon2,1020.0
MaD,1020.0
Team Paula Nobre,1020.0
Team mym_alkapone,1020.0
Team Jordan Fisher,1020.0
Team bnans,1020.0
Team fl0m,1020.0
Team DuendePablo,1020.0
Seeker Esports,1020.0
Red Hot,1020.0
God Squad,1020.0
100 Blifted,1020.0
SunSister Rapid,1020.0
Team Ex6TenZ,1020.0
Team Calango,1020.0
Exalted Esports,1020.0
Simplicity Gaming,1020.0
5gg,1020.0
breadHUNTERS,1020.0
putsch,1020.0
OverPalaStrike,1020.0
COFFEE,1020.0
Team Quitooo,1020.0
tyeasy,1020.0
Galaxy,1020.0
TEAM MAIA,1020.0
Urubuzada e-Sports,1020.0
YUMPERIGO,1020.0
ZyppanGoKill,1020.0
Furacão BLACK,1020.0
Team LZ,1020.0
Avocados Team,1020.0
Pochinki Predators,1020.0
silhouette,1020.0
Team Germany,1020.0
Rainbow7,1020.0
Genesis,1020.0
Team Korea,1020.0
Radiant Esports,1020.0
KaiXin Esports,1020.0
euphoria,1020.0
Revolution,1020.0
unKnown,1020.0
FlyToMoon,1020.0
Awake Esports,1020.0
xCeed,1020.0
MiTH.Streamer,1020.0
HaZe Clan,1020.0
the boomzers,1020.0
Team Nordics,1020.0
Team Majesty,1020.0
zazemlenie,1020.0
1stCav eSport Club,1020.0
Feel So Good,1020.0
Souldazz,1020.0
Air Raiders,1020.0
Overt,1020.0
Fast Rush,1020.0
Event Horizon,1020.0
Bunkergg,1020.0
N4PAS,1020.0
SHHHHHHH!,1020.0
Running Dogs,1020.0
RvN,1020.0
Atletica Pro Gaming 9,1020.0
KINGSLAYERS,1020.0
KADILIMAN,1020.0
LT,1020.0
Team HyP,1020.0
Team AzoX,1020.0
Team ScreaM,1020.0
123TAP,1020.0
Yes mies,1020.0
Kantic Gaming,1020.0
One Shot Esports,1020.0
+W party,1020.0
TREMBALA,1020.0
SIGN US,1020.0
BAR100LONA,1020.0
Badmental Badgame,1020.0
Typhoon,1020.0
Kaos Latin Gamers,1020.0
FYB v2,1020.0
Techno Monks,1020.0
Janus Esports,1020.0
3P,1020.0
HIGHPOWER,1020.0
onemoretime,1020.0
ex-Timing Monster Gaming,1020.0
NO ORG,1020.0
Jesfrelho,1020.0
SPEAR GAMING,1020.0
Mangal,1020.0
Up Bad,1020.0
Weeboo,1020.0
PROJECT XY,1020.0
OWA OWA,1020.0
Against All Odds,1020.0
CZECH REPRE,1020.0
Exorcist.ESC,1020.0
Flat White,1020.0
Vendetta,1020.0
Kinetic,1020.0
Hamtories,1020.0
THANATOS,1020.0
JG.JIANG,1020.0
TIAN DOGS GAMING,1020.0
SeekingContract,1020.0
HATALANTE,1020.0
Kraken,1020.0
ShanXi Gaming,1020.0
Fire Angels,1020.0
TOOOLS esports,1020.0
Fraggerz,1020.0
ZEN ONI,1020.0
Team VS,1020.0
Wadidiots,1020.0
KASTIRALIS,1020.0
Cynical,1020.0
No Shot,1020.0
SALOH,1020.0
Les Zinzins De Lespace,1020.0
TYPHOONS,1020.0
Equipe,1020.0
Team Legion,1020.0
What's going on,1020.0
Clutch Jeans,1020.0
Lexious Gaming,1020.0
SUS SquaD,1020.0
Legendary Donkey Destroyers,1020.0
VersionX,1020.0
Bonk Babes,1020.0
Sad Girls,1020.0
driveBy,1020.0
MCES,1020.0
Swedish Baguette,1020.0
Daycare,1020.0
BETA,1020.0
레.스.고,1020.0
GermMy,1020.0
FTW Fade,1020.0
Portuguesa Esports,1020.0
3BL Esports,1020.0
Moonrise,1020.0
Juul Team 6,1020.0
RatTurtleSquid,1020.0
Rice Burrito,1020.0
Stim Beacon Boyz,1020.0
Just happy to be here,1020.0
RANK G,1020.0
Island Boys,1020.0
sameROFLMAO,1020.0
Avante,1020.0
LUSA White,1020.0
MXB South Side,1020.0
The Mad Men 2,1020.0
I Cee Jay Too,1020.0
Landak Tropis,1020.0
XYZ,1020.0
Eye of the Tiger,1020.0
Team GP,1020.0
Desperado,1020.0
Khumbu Esports,1020.0
Daytrade Nursery,1020.0
Madness Esports,1020.0
Gelida Esports,1020.0
Lords of Heist,1020.0
Bomb Crypto,1020.0
1994 TOYOTA SUPRA,1020.0
Aresta,1020.0
KRAKEN ESC,1020.0
Kaos Next Rüya,1020.0
BASED,1020.0
NOM LEGION,1020.0
prime 5,1020.0
BASISSIX,1020.0
only Top players,1020.0
Team Kraken,1020.0
Team Starlight,1020.0
Team Emuhleet,1020.0
EQ Cerise,1020.0
HEHE,1020.0
Eternity Gate,1020.0
Heracles Gaming,1020.0
MBTI,1020.0
pew pew,1020.0
Perfect World,1020.0
Team Jollz,1020.0
Team iiTzTimmy,1020.0
One Mom Four Kittens,1020.0
En no Shita no Shujinkou,1020.0
API_GG,1020.0
Colossal Black,1020.0
Team Shanks,1020.0
ASU Maroon,1020.0
UMBC Black,1020.0
UH Premiere,1020.0
UML Riverhawks,1020.0
UH Alpha,1020.0
UTD Orange,1020.0
CSULB Gold,1020.0
OKWU Eagles,1020.0
OTSU Esports Varsity,1020.0
CSUN Red,1020.0
TAMU 12th,1020.0
hmmmmm,1020.0
Rochester University Esports,1020.0
Northeastern Black,1020.0
Fisher Tea Party,1020.0
TMU Gold,1020.0
Laurier Golden Hawks,1020.0
CSUF Orange,1020.0
Kitbash,1020.0
REFRE5H,1020.0
Converse Purple,1020.0
TOP GUN,1020.0
odavrb,1020.0
DNC Gamers,1020.0
d0gsafari2,1020.0
Nitrous Gaming,1020.0
Maik Esports,1020.0
Calamity,1020.0
Happy2bHere,1020.0
Dominatus,1020.0
GameCoach Academy,1020.0
Team OfflineTV,1020.0
Sky Encore Esports,1020.0
XDDDD,1020.0
Eternals Gaming,1020.0
Making It Look Easy,1020.0
Awake Gaming Female,1020.0
Skyline Spire,1020.0
TXST Esports,1020.0
UC Irvine,1020.0
NewHappy Esports,1020.0
Sapphire,1020.0
Looking for Sponsors,1020.0
Rambutan ni Tatay,1020.0
Next Esports,1020.0
ROA Esport,1020.0
Wings Up Gaming,1020.0
OD Gaming,1020.0
Team Bunny,1020.0
botiki prada,1020.0
Unspoken Rizz,1020.0
otter pops,1020.0
Figure8,1020.0
UW White,1020.0
Riley Rabbits,1020.0
Obelisk,1020.0
HIVE Valkyries,1020.0
ElBlast GC,1020.0
HIT gaming Chloe,1020.0
Sasanqua,1020.0
DOPENESS Fluffy,1020.0
One More Aves,1020.0
GHR Lycoris,1020.0
MIXX,1020.0
Gamax Lite,1020.0
Les Sixz,1020.0
The Ultimates Odyssey,1020.0
LAJOTA VINNY,1020.0
GREEN TEAM,1020.0
TYLOO GC,1020.0
Vex Dragons,1020.0
timberknicks,1020.0
LRV Esports,1020.0
MAD Lions LAURË,1020.0
Team Tupperware,1020.0
Team Mle,1020.0
Tussin Esports,1020.0
FIU Varsity,1020.0
Team Kanpeki,1020.0
Team Mãe,1020.0
Team East,1020.0
CONNEXT Fantasy 1,1020.0
MERAKI,1020.0
erin e amigas,1020.0
Team Blue,1020.0
Beyblade Ninjas,1020.0
PRO MIX TEAM 1,1020.0
THE UNLOCKERS 2,1020.0
Team FiveK,1020.0
Team Slandy,1020.0
Team Vandal,1020.0
Team Ludwig,1020.0
Team Vernina,1020.0
골판지 전사,1020.0
Vexed.dev,1020.0
SAIDEIRA ESPORTS,1020.0
Father's Back,1020.0
esports team αD,1020.0
We Live,1020.0
Reign Above,1020.0
How Did We Get Here,1020.0
Out the mud,1020.0
Life's a Game,1020.0
Azure,1020.0
smart fellas,1020.0
SaD GC,1020.0
Glass Ceiling,1020.0
AIM PH,1020.0
Raven Esports,1020.0
AWAKEN,1020.0
Team Ballistic,1020.0
Van Lyn Black,1020.0
The Mandem,1020.0
Gaming club,1020.0
F5 Esports,1020.0
sussy players,1020.0
XLD Gaming,1020.0
MABUHAY,1020.0
iPGN,1020.0
LILITH,1020.0
Phenix Claire,1020.0
Halo Freyja,1020.0
Foreigners,1020.0
Money First,1020.0
Reformed Team,1020.0
Zen eSports GC,1020.0
Cop'EM Manila,1020.0
Balut Warriors,1020.0
raindrops,1020.0
VIXENS,1020.0
invincible gc,1020.0
Siko,1020.0
Blue Otter,1020.0
DaiZhu,1020.0
Creator Gaming GC,1020.0
Dragon,1020.0
YaoGuang,1020.0
Team f0rsakeN,1020.0
5HEAD,1020.0
Lootcifer,1020.0
E9Sports,1019.98
THUGS,1019.97
Burton n Friends,1019.96
NerdTown eSport,1019.94
semTAG,1019.94
Beyond Stratos Gaming GC,1019.93
GVNG,1019.92
NCBz Esport,1019.9
CLMRT,1019.9
DR Esports,1019.89
NOTHING2LOSE,1019.87
Able Esports,1019.86
KOUD’KOUTO,1019.85
GoodVibes,1019.84
Funee Monkee,1019.81
Washington Muscle,1019.8
Exodus,1019.79
COUSINS,1019.77
big pizza,1019.76
My Queen,1019.72
Pass Gaming,1019.72
Swag Silicone,1019.7
Sissi State Punks,1019.7
Dawn of Stars,1019.68
UAESA Green,1019.68
SWARM esports,1019.64
VPZ,1019.62
Podnik,1019.6
PffxD,1019.56
frequency,1019.56
Adore Esports,1019.55
Vexo Esports,1019.52
24Haven,1019.5
Mustang Gaming,1019.48
01 Esports,1019.47
LUSA Red,1019.47
Derrek's Dawgs,1019.47
VeselieVintovki,1019.43
Frail Males,1019.41
Cruzados Esports,1019.4
PLATOON Belarus,1019.35
Ambitious Legend Gaming,1019.31
CE Calling,1019.27
mustahed mocking gaming,1019.24
Puggers,1019.2
FURY,1019.18
chily's dream team,1019.15
Cool Guys,1019.01
Zero Zone W,1019.0
noot noot,1018.98
BackOutsideBoys,1018.98
BubatzBuben,1018.97
HE Gaming,1018.95
Scroll Lock,1018.93
LEGENDs,1018.92
Pentagon,1018.92
Bumble Bees,1018.92
oomfies,1018.92
Novagis Gaming,1018.9
Synergy,1018.9
twitter drama,1018.9
Vanntastic Five,1018.89
Getting Info,1018.88
DAT,1018.87
No Teeth,1018.86
MeT,1018.85
CoreNine Esports,1018.85
Keyd Stars Athenas,1018.85
Esports at UCD Gold,1018.85
Ottawa Braves,1018.85
IGZIST Female,1018.85
ALBION GC,1018.85
GnG Amazigh White,1018.85
Neptune's Money Crew,1018.85
mixup,1018.85
Bucky Bandits,1018.85
Penguins of the night,1018.84
Team Opulence Black,1018.82
325,1018.82
WASTED TALENT,1018.81
les piments,1018.81
Chick Fil Ayy,1018.8
We Love Women,1018.8
OP.GG SPORTS,1018.79
KJC eSports,1018.78
Ah yeah gaming,1018.77
RETIREDGAMERS,1018.75
WOLFPACK,1018.74
PiP PiP PiP,1018.73
IC9,1018.73
Meta Gaming,1018.72
WICKED,1018.71
Fearless,1018.68
The Clappening,1018.66
9xxx,1018.64
Vengeance,1018.58
M4LIK,1018.56
RED5,1018.53
BEDEL,1018.51
Washed Players,1018.47
Donkey Kong,1018.45
Onlyfans,1018.44
Grilled Cheese,1018.42
PUNDAMONIUM,1018.42
SK Gaming,1018.39
Project !,1018.33
Nation Fan Club,1018.31
Badua LIpa,1018.28
Activat3D Esports,1018.23
SLTitans Esports,1018.23
BeeNinjas,1018.22
Not Ready,1018.13
Comet Esports Club,1018.12
Little Kittens,1018.11
Benchwarmers,1018.06
One Percent,1018.04
Mythicals,1018.01
HERO Esports,1017.97
200 Policemen,1017.94
LFO,1017.92
FunPlus Phoenix ZHUQUE,1017.91
GYUDON EATING,1017.85
BIG GAMING ID,1017.82
Pingu Gang,1017.81
Noobs With Attitude,1017.78
TradeLikePros Gold,1017.75
Windmill Isle,1017.75
bref,1017.73
Team staxvlrt,1017.71
alexa's pogchamps,1017.71
Scrounge and pros,1017.69
Van Dijk Fan Club,1017.68
Nester,1017.67
afterhours,1017.67
GGEZ,1017.64
Just Breathe,1017.63
Boise State University,1017.63
Team bENITA,1017.63
EGO Media,1017.57
K7 Esports,1017.55
RipNTear,1017.45
Team Tamilas,1017.43
T1 Academy,1017.34
KARMA,1017.33
Yutoru,1017.3
No Brimstone,1017.27
Regnum Carya Esports,1017.25
Lunatic-Hai,1017.21
Team Up,1017.19
Coconut Crushers,1017.14
KOBIET,1017.11
Ryze Gaming,1017.09
Einheit,1017.09
Absolute Legends,1017.05
Gonzo Gaming,1017.04
glip,1016.88
Květinky,1016.83
Project A,1016.8
Chiefs ESC,1016.79
Serpes Gaming,1016.76
DD Team,1016.76
Karma,1016.74
scoobydoomix,1016.72
Cappers,1016.68
Kimchi Fried Rice,1016.65
VERTEX,1016.6
OG Brudders,1016.58
Lasagna Beam,1016.52
TBS GC,1016.35
Together We Are Terrific,1016.33
Sovereigns,1016.17
Dough Bros,1016.16
Boondock Bandits,1016.09
Bay Area Vandals,1016.02
tryingourbest,1015.98
Last Round Save,1015.96
Carti Esports,1015.96
Project D,1015.93
Quackers,1015.91
Appa Yip Yip,1015.86
DIRETORIA,1015.85
Andy's Farmers,1015.85
The Infinity Esport,1015.84
Femboys,1015.79
Remember Me,1015.79
playzone,1015.77
AFTERMIND,1015.73
One Chance,1015.72
Team MystiC,1015.69
NOEZ FOXX,1015.63
SNHU Blue,1015.61
OSKARASEMTIME,1015.57
TradeLikePros,1015.54
ROG Academy,1015.53
THE SHABLES,1015.5
Team FRTTT,1015.47
Team DylanteroLIVE,1015.42
KLATWA,1015.42
Exceeli Esports,1015.41
London Esports,1015.37
Goodfellas Gaming,1015.31
Green Beans,1015.28
Cataclysm Team,1015.15
Team Influencer,1015.06
KS Hunters,1015.03
MMix,1014.96
Run it Back,1014.89
Sabres Impact,1014.88
Triumphant Song Gaming,1014.86
BE INFAMOUS,1014.83
Zealous,1014.77
Ginger Supremacy,1014.55
AstraSect,1014.49
thunderPEEK,1014.42
Team Progress,1014.37
GunsForHire,1014.32
Stasis,1014.29
trashcan,1014.29
University War GC,1014.27
fuVi,1014.24
mix9,1014.07
Koopa Troopas,1014.06
Velox,1013.97
ESTONOESUNJUEGOVALE,1013.95
Good Fellas,1013.93
Mizzou Esports,1013.89
GEEEGEEE,1013.86
jelly e amigas,1013.83
Hungkuang Falcon,1013.8
Disciples,1013.79
Improve Female,1013.48
XOXO-01,1013.48
ADHD,1013.36
Qing Jiu Club,1013.32
Hungarikum,1013.27
Langit9,1013.15
Corn Valorant,1012.79
Incognito GC,1012.57
Incognito,1012.45
special grade,1012.42
Team MENA,1012.4
HEET RED,1012.25
Tàn Dư Esports,1012.16
Lemonade Stand,1012.15
Fallen5,1012.03
Elecbossa,1011.92
Ovation eSports,1011.75
Redragon,1011.68
AOE Zoomers,1011.47
Mach5,1011.3
Time Out,1011.22
90 KG,1011.1
Copium,1011.09
Flex Gaming,1010.8
Spot Up,1010.6
EBRO Gaming,1010.49
Straight Warfare,1010.2
KPI Shine,1010.19
FUG,1010.07
Constant rise,1010.04
There is no tomorrow,1009.98
Coalesce,1009.9
95x Black,1009.87
Loafing Cats,1009.85
Sprayz Gaming,1009.84
Team Aurora,1009.73
Team Sarafa,1009.51
the basement,1009.43
Galaxy Carrots,1009.32
F1LS Esports,1009.2
Focus e-Sports,1009.18
Optix,1009.16
Angry Titans Iris,1008.95
OtherSide Blue,1008.89
PanDa,1008.88
Team NXL,1008.86
rice and meatballs,1008.85
The Stream Team,1008.76
Fortnite Fraggers,1008.65
Team Moon,1008.62
DingFeng Gaming,1008.62
UnderDogs Gaming,1008.39
O.O.D.A Loopers,1008.23
Let Us Cook,1008.21
Indecisive,1008.17
ZooWeeMaMa,1008.0
AUTOCRACY,1007.99
dogsafari,1007.99
The Barbers,1007.98
V,1007.92
En corto gamers,1007.89
Intense Gaming,1007.84
Gorilla Gang,1007.63
VCL Rejects,1007.48
wicket berg,1007.44
GenZ,1007.42
Pigeons Esports,1007.4
Recon 5,1007.29
Sovereign,1007.08
Kowareta,1007.05
Wolves Esports,1006.83
Big Baller Brand,1006.7
Wanderers Esports,1006.64
AXIBYTE ESPORTS,1006.57
Time In,1006.55
Soul Free,1006.48
Demise,1006.28
Mist Walkers,1006.24
MRKN,1006.07
xyz,1005.95
Brain And Friends,1005.7
CC Angels,1005.69
tryouts,1005.65
EDGE,1005.58
Soldados de Lembo,1005.53
VKNATA,1005.52
Gamax Esports,1005.44
TP REVEN,1005.43
Raptor,1005.42
Hey! Yakiniku,1005.33
Da Feng Gou,1005.27
Gaming Team SELECTOR,1005.25
AREA,1005.12
Békéscsabai E-sport Egyesület,1005.0
TwentyStars,1004.83
Prism Esports,1004.75
Hamboigas,1004.68
Team AlpTV,1004.66
calclub-p,1004.64
RyZe Esports,1004.4
Regans Gaming,1004.38
Ahlman Esports,1004.23
ANKA E-Sports,1004.22
Orgless 5,1004.22
East LA,1004.21
Rat Attack,1004.13
Liberty Female,1004.1
WYLDE,1004.07
Valhalla,1003.81
Team Punished,1003.7
pasta fazool,1003.68
REPLY TOTEM,1003.65
TBD,1003.63
Castaways,1003.62
SKULLIES,1003.51
MEOW MEOW,1003.49
Solstice,1003.39
Cookin Papas,1003.37
NYAN ESPORTS,1003.37
Chuaks,1003.35
HUMMER Esports,1003.2
Rover,1003.17
Decent Esports,1003.15
TGS aXe,1003.15
TC Arise,1003.04
DimmaDome$,1003.01
Team Ronin,1002.98
TempesT,1002.93
YPPB,1002.89
Peeposhy,1002.81
Team United Kingdom,1002.71
Weda Esports,1002.67
Motion Team,1002.5
Kum Gaming,1002.42
CCG Esports,1002.41
Eshays,1002.36
FAMILY,1002.34
Attacking Soul Esports OvO,1002.3
MAXD Esports,1002.29
Gamerbots,1002.23
Polaris,1002.19
42C Crayola Pack,1002.13
ex-Team Bliss,1002.08
ME CONTRATA,1002.04
GodLAN,1002.04
Team Unicorn,1002.04
GnG Esports,1002.02
Absolute Legends Blue,1002.01
THE HERO KDA,1001.97
Joker,1001.95
Grapefruit Techniques,1001.94
Elevate,1001.93
S2 Esports,1001.82
Serendipity,1001.76
Pillow,1001.73
Ranked Stars,1001.73
368,1001.65
ROG Esport,1001.63
GIANTX,1001.6
Ax3,1001.49
vSlash Esports,1001.47
PDS Esports,1001.4
Team 4D,1001.35
The Panic Team,1001.31
FATE Esports,1001.29
Vertexo,1001.27
b Tang,1001.27
fostercare,1001.25
Team Tom,1001.22
F5,1001.22
Dimonis Crew,1001.22
McTeam,1001.21
Zero Zone,1001.16
Gydom Galva,1001.16
No Brain No Aim,1001.16
Team Aceu,1001.15
LULw,1001.15
Virtue Gaming,1001.15
EFuture,1001.15
All Gamers,1001.15
Team vakk,1001.15
QQQ,1001.15
Mama's Boys,1001.15
Yacht Club Pink,1001.15
Mercury Pink,1001.15
BNB,1001.15
YIPPEE,1001.15
Fulcrum Esports Catalyst,1001.13
Galaxy Racer Female,1001.08
PAMPAS,1001.08
Teddy Tactics,1001.06
Aim from Kitchen,1001.02
ANEW Esports,1001.0
Invictus Gaming Academy,1000.96
Mixance,1000.96
Geek Fam,1000.89
Akumu,1000.85
ODDIK Bright,1000.78
Team Pelarian,1000.77
Team LUX,1000.66
Moist Moguls RED,1000.65
puGG,1000.62
Allware,1000.58
Quick Shots,1000.51
Underdog,1000.46
Hero Zero KDA,1000.41
ULTIMATE,1000.41
All Day Long,1000.35
Aspire,1000.33
EndGame,1000.3
Rose,1000.29
LUJAika,1000.25
Team PAGO3,1000.25
BlackBelts,1000.15
Elmerz Glue,1000.13
Tartarus,1000.13
Lethal Grinders,1000.07
Veni Vidi Vici,1000.07
TBK Esports GC,1000.07
Divine,1000.03
Unknownpros Female,1000.01
CHAOS,1000.01
JSD,1000.0
Team Sonii,1000.0
Infected,1000.0
All Aim No Brain,1000.0
Chaos Injected,1000.0
TheLateBoomers,1000.0
Clan123,1000.0
TRAUMA,1000.0
LAVEGA esports,1000.0
Shironeko,1000.0
ResettingSleepSchedules,1000.0
Echo 8,1000.0
Team BRNWOWZK1,1000.0
Team Sev7n,1000.0
Team RobertoCein,1000.0
Team StPeach,1000.0
EGEL,1000.0
Omega Esports,1000.0
showlevel,1000.0
Taberna Yetitl,1000.0
5f09d1a2e6bcf,1000.0
Crazy Planet,1000.0
LFC GAMING,1000.0
WeLoveZeroTwo,1000.0
Eternal,1000.0
Gigabaiters,1000.0
Pushing Gaming,1000.0
Ravens EC,1000.0
Lawyers,1000.0
10IQ,1000.0
Old Guys Club,1000.0
G5,1000.0
Toxic Five,1000.0
GodSquad,1000.0
COMETA TEAM,1000.0
W KEY,1000.0
ROV Gaming,1000.0
VERITAS VINCIT,1000.0
MYTHS,1000.0
Law Firm,1000.0
OkerGG,1000.0
GoAhead,1000.0
YkarY eSports,1000.0
The Dog King Neru,1000.0
tAfz,1000.0
Club Decennium,1000.0
Ecofraggers,1000.0
Team Carencias,1000.0
Feto Army,1000.0
RADIANT BEARS,1000.0
AIMØNYMOUS,1000.0
Peanut Valorant,1000.0
Zenturions,1000.0
High Fivers,1000.0
Spawn eSports,1000.0
w6,1000.0
INGREENWETRUST,1000.0
KABAHbl,1000.0
Los Sicarios,1000.0
Thane Peek,1000.0
NTER,1000.0
Marten Gaming,1000.0
Dog Pound,1000.0
VDM,1000.0
Team Agera,1000.0
Spectral Gaming,1000.0
Team Momentum,1000.0
hehe_,1000.0
ex-Reckless Lads,1000.0
Nerd Banana,1000.0
KnockOut Esports,1000.0
NOT SNP,1000.0
Lightailty,1000.0
Inertia,1000.0
Sommium Esports,1000.0
Hydra Eternal,1000.0
FTG Esports,1000.0
Celeste,1000.0
Relep,1000.0
Underdogs,1000.0
7sins,1000.0
gosu,1000.0
lil pamp esports,1000.0
Elan,1000.0
wesh guys,1000.0
Digger Esports,1000.0
SurrealpLay,1000.0
Kickompakhnet,1000.0
k lo le pinta,1000.0
Twin Esports,1000.0
JeimonMx,1000.0
TinyTurtles,1000.0
SIGNUS,1000.0
Runite Vintalit,1000.0
GD Esports Club,1000.0
Tiimu Sagashitemasu,1000.0
Feeling,1000.0
Last Evolution,1000.0
aqua,1000.0
Tough Guy,1000.0
Team Reapers,1000.0
Problem Child,1000.0
An Phát Computer,1000.0
Macacos Bovinos,1000.0
Vault Guardians,1000.0
Sea Of Valorant,1000.0
Storks Phalanx,1000.0
Team Palomita,1000.0
Red Moon,1000.0
VLT Asteria,1000.0
Project High Noon,1000.0
Drake Fans,1000.0
Capybaras,1000.0
Nghiện Thêm Lần Nữ,1000.0
Uzhiki,1000.0
Team UNN,1000.0
no.men,1000.0
KPI Nation,1000.0
ALTERNATE aTTaX,1000.0
Black Magic,1000.0
Xanity,1000.0
Egan is bad,1000.0
Team Stewie2k,1000.0
Team ShahZaM,1000.0
Akron Esports,1000.0
AEX-1,1000.0
New year gym membership,1000.0
Cambodia,1000.0
Bear Bandits,1000.0
Five Cell,1000.0
NANA AND FRIENDS,1000.0
PINK TEAM,1000.0
Fisher Rising,1000.0
NAMELESS,1000.0
Qinyu Gaming,1000.0
Super Girl,1000.0
New Moon,999.98
Aracne Esports,999.95
KAMI TENCHI,999.93
Pyronic,999.89
LUNÈ Girls Gaming,999.88
EZPZ,999.86
The Meaps,999.86
SQUAD6,999.86
CONNEXT Roster Hunt,999.85
Indonesia Pacific,999.85
Global Esports Phoenix,999.83
ULVL,999.82
GrindSky Esports,999.82
Camioneros Valorant Club,999.81
Suspect X,999.81
Asylum Attendees,999.81
Raftel,999.76
Cardboard Dinosaur,999.75
BLUE BEES.ESP,999.74
IGNIS Esports,999.73
Team Capalot,999.71
Looking for Org,999.71
Scaroo's,999.71
1T,999.71
DIS Esports,999.68
EZ KATKA,999.65
Rizz Academy,999.65
Team Bachara,999.62
PAWN GAMING,999.59
The Last Monarch,999.59
KK Kazuki,999.58
Onslaught Gaming,999.57
Tarik's Allstars,999.57
FFXD,999.57
A MMAGICA,999.55
Verendus,999.55
The Chug Jugs,999.54
Team 600,999.53
Princeton Plainsboro,999.53
La Menace Fantôme,999.49
Fuego,999.45
Medics,999.36
SSA,999.35
Discord Kitties uwu,999.31
Interstate 95,999.27
Neebs and Weebs,999.27
The Noah Aiello,999.26
Valkyrie,999.26
YDZ Infinity,999.25
WLGaming Esports,999.22
Goat Crew,999.21
1Rule,999.21
UNLV Rebel Gaming,999.2
Solstice Esports,999.18
We Overcooked,999.17
Team Lixa,999.15
call it Luck,999.15
Husky Phantom X,999.11
Zenigma Alpha,999.1
Cereal Killers,999.1
Dewa VVV,999.09
Uppies Kittens,999.01
Yari Esports,998.98
Wingman Warriors,998.95
ELNiS Esports,998.92
TheDuckArmy,998.88
VVV,998.88
BHOP Esports,998.87
Hyperactive,998.86
IDDQD v2,998.85
Coquinha 2L,998.85
SPARX ESPORTS,998.85
dATHITANS,998.85
The Ultimates,998.85
PÊEK Gaming,998.85
Affinity Esports,998.85
TRAITORS,998.85
Griffos Starfire,998.85
IPHONE13GIVEAWAY,998.85
1337va,998.84
S8UL Esports,998.84
Area of Effect,998.82
SAGAZ,998.75
TAMIU,998.74
McD Cashiers,998.74
Team TriVec,998.73
The Nacho Shrimps,998.73
Agoge Gaming,998.72
aspyxia,998.67
TAMU White,998.64
BABYSHARKZAZAS,998.64
CPP White,998.63
TRY eSports,998.62
SHIFT X,998.62
Wanderlust,998.59
Yellow Submarines,998.59
Native Gaming,998.59
You Guys Get Paid?,998.58
EXCEL GC,998.58
LFS,998.55
Nova Esports,998.54
Tokyo Revengers,998.51
Team X,998.47
Fakezin de cria,998.39
BFG SAKURA,998.37
Rated Gaming,998.35
ATK Mode,998.35
Berzerkers,998.34
Ambition,998.34
Heretics,998.32
THE START W,998.31
LGI,998.27
Toms Kittens,998.27
Team LuZi,998.24
Akuma Esports Black,998.21
Bald Babies,998.21
Drexel University,998.18
Insert Name Here,998.15
Wolves X,998.13
Outplayed,998.12
E Kittens,998.09
The Dealers,998.09
Divided Sons,998.03
Team Crushed,998.0
QLF Clan,997.99
Omni Performance SD,997.99
FIU Valorant,997.98
Barely Acceptable,997.95
junummer,997.95
ENTS,997.95
Hollywood Hooliganz,997.94
EthanK Fan Club,997.92
NOMAD,997.92
Digheads,997.9
Monkey Bite Esports,997.9
Rumor 2.0,997.89
CpG Waifus,997.88
N0thing To L0se,997.86
Wolfix Gaming,997.84
TMG,997.83
Showstoppers,997.81
Ugly Hamsters,997.81
Philthy,997.8
Team Circus,997.8
Spain.dll,997.77
ExPandable,997.76
Slimy Boogermen,997.75
OMICRON,997.74
Las Venturas,997.72
zesty's money crew,997.72
Team gabrielcro,997.71
Les Farmers,997.71
Libertados,997.7
Chilling in Space,997.69
Aricat Esport Academy,997.69
Team Mystic,997.67
Off the Grid,997.66
Paradox Esports,997.65
OnlyPain,997.65
Team Sudesh,997.64
Klanik Esport,997.6
InControlNation,997.59
Hydrated,997.55
FYL,997.54
GNR Esports,997.52
HalfBliss,997.51
Project02,997.51
Chicago NightPack,997.47
DAVR,997.45
No Salary Peek,997.45
1280x960,997.44
Victorem Esports,997.42
Imposto é Roubo,997.4
Fluid Gaming,997.37
Ego peekers,997.35
Mythoclast,997.34
Deadlife,997.33
Face Off,997.33
DRAGONS,997.27
Kikados da Galaxy Carrots,997.25
Monkey Momentum,997.2
Dasnerths Demons,997.18
Irregulars,997.18
Crazy Hamster,997.17
Arctic,997.16
STG Gaming,997.13
Aristocrats,997.12
Team Revenge,997.1
Spawn Camp,997.09
Ignite Beyond,997.09
ELUSIVE,997.05
Burger Gaming,997.04
Hi Shin,997.0
Clicken Chickens,996.99
BLEED Academy,996.98
L4O,996.95
Cosmic Chaos,996.95
99 Problems,996.94
Seal Team 6,996.91
Moonrise Black,996.91
Corinthians 1920:1080,996.9
Predator X Gaming,996.88
Zeal,996.84
Team Blank,996.84
TEAM USEC,996.82
Weenie Hut Jr,996.8
5up,996.77
Asian and Co,996.77
Entropolo,996.77
Psych Ward,996.74
TideWater Esports,996.69
Nomads,996.62
Lycandolt,996.62
NBP,996.59
Team AIYA,996.57
Carnos Arks,996.55
IVC White,996.52
VESPA,996.51
Kaizen Esports,996.49
Huh,996.48
MEDUSA,996.46
Nexplay Evos,996.43
Orange Borange,996.38
Bún bò Huế,996.37
SHIKIGAMI,996.34
Reckless Lads,996.33
W Streak Esports,996.31
Invicta Gaming,996.28
Axolotl,996.28
Position A,996.22
Crescent,996.22
Goofy Gremlins,996.2
Mugiwara,996.18
DualMedia Esports,996.16
Happy Accidents,996.11
Je t'aime de ouf,996.08
Mamba Mentality,996.07
Squishy and Friends,996.06
Method2Madness,996.04
DRMZ Esports,996.03
Team Focus White,996.02
PS5PATAS,995.98
Anorthosis Famagusta Esports,995.94
PugChamp,995.94
Z11,995.9
LucidX,995.88
OnlyFriends,995.88
Solaire,995.87
Kahoot,995.85
Guinea Pink,995.85
StayHydrated,995.84
seleção,995.81
James Madison University,995.79
Syndicate Academy,995.77
Art of Throwing,995.76
OutAimed,995.76
Kalash,995.74
Tummy Ticklers,995.73
Fishing Rods,995.72
eMonkeyz Club,995.71
Team Opulence,995.68
Orkestra,995.67
Tilted,995.65
Cube Esports,995.64
Voltage,995.61
Team woooo,995.61
ex-Recon 5,995.58
Triumph,995.56
5 of a Kind,995.56
Sahangiller Espor,995.55
Spanish Leftovers,995.54
StunZin5,995.54
Unsigned Losers,995.51
NEON BLADE,995.5
Scooby Gang,995.49
FIRST Gaming,995.45
LOGOBI GG,995.45
FLu Esports,995.43
Matching Numbers,995.43
Fusillade,995.43
Overwatch,995.41
skoll,995.41
Stealth,995.39
Bestial,995.36
Sad Games,995.34
Full Sail Armada,995.3
Celestial Violet,995.29
ARF Starlight,995.25
cowana Gaming,995.23
Ennola,995.23
SLU Esports,995.2
MAJTKOMAT,995.17
Chicago Empyre,995.17
Penguin Sledding,995.13
Tylers Corgis,995.13
Origin Sky,995.08
banana boys,995.05
RainbowMind,995.02
FUNSNATCHERS,995.01
donas da bala,995.01
Oddyssey,995.0
Team gob b,994.98
Austrian Force,994.98
Highschool Dropouts,994.96
Little Legends,994.96
SYR,994.94
Jit Lickers,994.93
Lobster Car,994.92
Praeditus Gaming,994.92
Dethroned,994.88
Bloom,994.87
East Hill,994.87
MELIOREM,994.85
Noxus Pro,994.84
Crew Esports,994.82
Arcane,994.81
STORM,994.79
SENTHEX,994.78
StarBound,994.76
asian summer math class,994.76
Injected Sheesh,994.74
REGEN,994.73
Sky Empire,994.73
eUnited,994.72
Team Suits Gaming,994.7
FREELO,994.68
ALTERNATE aTTaX Ruby,994.66
floppers,994.62
slime slats,994.59
Watermelon Warriors,994.58
The A Team,994.58
E2S Lexious,994.57
Asian Ravioli,994.57
Argon Esports,994.55
WrGaming,994.51
Szach Mat,994.46
pepecool,994.43
Organic Gamers,994.43
BADARANTS,994.39
cute fat boys,994.39
Nottingham Miedo,994.38
RIT Orange,994.34
Xenom com M,994.32
UCF Valorant,994.3
MeowMeow,994.3
Sway eSports,994.27
HitReg,994.23
Team Front,994.19
Pariah,994.17
blaendet,994.13
SIZDIM BEKLE,994.09
Thirsts Red,994.09
Patriots,994.05
God Particles,994.04
Aerial Academy,994.04
KDA,994.01
South East Movement,994.01
36NUMBER,993.91
Team Rose,993.89
Team T5,993.88
Discord Kittens,993.85
Narly Narwhals,993.82
ex-Ravens Esports Club,993.74
Moose Knucklers,993.7
2Faced,993.7
Spectral,993.69
RunDownMid,993.63
Nascent United,993.63
4FUN,993.62
Impulse GW,993.61
Spectral Purple,993.59
VeViCi Esports,993.59
Darkness,993.58
FDP Hurricane,993.53
Genbrugsbutik,993.53
Proximity,993.52
oFby,993.47
IDEK,993.46
Windstorm,993.34
SHOWRUNNERS,993.33
COPPER BLUE OVALS,993.33
Looking For Org 2.0,993.33
Klaus,993.25
Invictus Gaming,993.25
FDP Esports,993.22
Septem Exierant,993.21
DaBaby Clan,993.19
Jellyspotters,993.19
Bewds Retirement Home,993.14
mozzy,993.13
Team Cyanide,993.09
Power Rangers,992.98
sas elle,992.97
Cracked and Dialed,992.96
CNG Esports,992.94
PAEBAT,992.93
Aquatik,992.86
SMARACIS eSports,992.84
Saints,992.82
Tufts VaLULrant,992.82
1337,992.79
Xplicit,992.79
Aqua,992.78
atreus,992.73
Flying Pigs,992.73
Chimaera,992.72
Team Volted,992.72
TetraEsportsGG,992.72
novidades em breve,992.63
BAG8,992.61
Want It Gaming,992.6
Deviant Topaz,992.51
Bonde da Loli Careca,992.48
OW Refugees,992.46
PROJECT Z,992.44
boomertin,992.39
Reborn,992.38
Vi4 Esports,992.38
Elevation,992.35
BIG BOY'S CLUB,992.35
Archies Gifted Goldens,992.32
Refrag,992.32
Extro,992.31
OXEN,992.29
Pridestark Empire,992.24
LE GAMING,992.22
ThiccWRECK,992.18
Team Zerator,992.17
Amarok Esports,992.17
604,992.17
fastmix,992.16
Bang Average,992.12
White Lotus,992.11
Magma,992.08
Swagoi,992.07
ifyouhappy,992.06
LOS VAGOS,992.02
Phoenicia,992.0
Free Agents,991.98
Pana.Rabbit,991.97
DEATH ROW,991.92
kokot,991.88
Team Assent,991.87
Csopipaki,991.81
Poised,991.8
SFU Pink,991.77
Dallas Vendetta,991.76
Elo and Muscle,991.75
UnderDogs,991.74
"Stay Small, Stay Second",991.72
Worst Generation,991.72
Naura,991.7
MNA ESPORTS,991.7
Sac State Hornets,991.68
RIZON,991.66
wasd fan club,991.64
Xiphos Outplay,991.63
Hoax,991.62
Varsity Club,991.59
Super Weenie Hut Jr's,991.58
STREET SHARKS,991.54
Exotic,991.47
Waverunners,991.47
Illés Akadémia Spirit,991.41
Taipan Esports,991.37
Space Bound,991.35
Team Lightning,991.25
Syko,991.22
Limitless,991.19
Dark Matter Purple,991.13
TMU SHORTYKINGS,991.12
Stunned5,991.11
K10,991.06
Somalia,991.05
S2K,991.02
00Nation Fem,991.0
Unknown,990.99
Polarity Esports,990.99
Project VII,990.85
clownz,990.84
F9 Hetic,990.84
zyzz,990.83
l3wnadowski,990.82
HorizonGG,990.8
Endear Sol,990.8
FBM,990.79
Taunt,990.77
RILLAS,990.76
goth boy clique,990.75
Big Hot Men,990.73
Team Eros,990.72
CG,990.7
Vade Esports,990.64
Eazy One Gaming,990.6
Sausage Party,990.55
noFEAR,990.55
JOKERS,990.54
NBKS CENTURIONS,990.51
Monstars,990.51
ZY Gaming,990.5
Team Very Atrocious,990.45
Project CORE,990.4
mhm,990.38
OffLimits,990.37
DownBad,990.36
blablabla,990.35
Free Fall,990.35
RegimentZ,990.33
Echo Alternative,990.3
Academy BTW,990.19
notbuiltdif,990.15
VALORANTPT,990.1
Team Popeller,990.07
PointAndClick,990.06
Lone Way E-SPORTS,990.04
B Beasts,990.03
NoNamers,990.0
SEMORGAINDA,989.96
BEDELSİZ,989.92
GodSpeed Gold,989.91
Guangzhou Long Lionz,989.89
Niegrzeczne,989.86
Nexus Gaming,989.8
LUNARISs,989.8
Exsto Gaming,989.78
aaaa,989.76
IQ White,989.69
Black Dragons FEM,989.69
Scythe of Seraph,989.65
Bababooey,989.64
ZMM White,989.63
In The Lab,989.62
Kingzone,989.59
Mamacita,989.59
NC State Esports,989.58
DIVAN,989.52
SunnyBeach,989.51
Rock Bottom,989.49
FAWES,989.46
Godalions,989.44
Team Major Academy,989.43
asdf,989.39
G.Gang,989.36
Wulf Esports,989.35
TLM Empress,989.33
귀여운 시키모리양,989.26
SUPERFLY,989.23
Ludus Sports,989.17
Tropinha do TIKTOK 2.0,989.15
The Mafias EAID,989.13
NXLG Academy,989.11
diversity,989.11
Acolarse,989.1
I need Girlfriend,989.08
Altered Edge,989.07
Xperion NXT,989.06
Noble Experience,989.04
Syrup Slurpers,989.0
YoungTalents,988.95
Aspyre x Swarm,988.94
Digital Ninjas,988.93
tiobarão,988.82
MoBuckets,988.73
TN Esports,988.73
Brotherhood of the Five,988.71
SAUS,988.69
Steel Tactics,988.67
Diwan,988.67
BuffoMix,988.62
TeamOrangeGaming,988.59
Archons,988.56
MystiC,988.56
Frostwolf,988.55
Zero Risk,988.51
gucciGANG,988.5
Final Form Entertainment,988.5
Intel New Indians,988.49
Anime Aimers,988.47
samelol,988.4
Dark Tigers,988.38
Ethereal,988.36
Waifu Warriors,988.35
re'born,988.3
BLOKES,988.27
Big Backwoods,988.26
AWARIA,988.26
Unicorn Cyber Esports,988.25
Sinfvl,988.24
Malvinas Gaming,988.21
WithYouWithMe,988.18
Eros,988.16
Saber,988.02
hREDS,988.01
Excel,987.99
Las Palmas Unity,987.99
RE:L,987.96
717 Monster Esports,987.94
John Howard,987.9
5Dogs,987.89
Explicit,987.89
ZENITH,987.88
Pure,987.87
3DMAX,987.86
Grind Time,987.83
HAKUBA Esports,987.72
UST Esports,987.72
Achieve,987.71
Laterious,987.71
Retake,987.67
Entertainment District,987.63
Team Mystic Black,987.59
CONDORIT0,987.58
TRY eSports Fem,987.57
Asteria Gaming,987.56
ATRAVS,987.55
Pug Gods,987.53
Kolossus Academy,987.53
Grimz Esports,987.5
Buffalo,987.5
Firepowerless,987.49
Team Omega,987.46
Lucky Boys,987.42
PATATERA SQUAD,987.41
Aggie Gaming at UC,987.4
VZN,987.36
Wook's Academy,987.34
HellCats,987.33
Acacia,987.32
cis killers,987.3
DFR,987.28
Chariot,987.25
The Anime Squad,987.25
Goats and Glory,987.24
Thrifty,987.22
a culpa e das estrelas,987.21
A-Team,987.19
OverAchievers,987.16
Ferrari Peek,987.14
Orgles5,987.14
Esports Team Twente,987.11
LTC,987.11
FUMA Gaming,987.1
Desire Rising,987.1
Chill Cord,987.08
Team GMM,987.07
Phenix Blanc,987.02
Pichon Bellaco,987.01
OutRage,987.0
4fan,986.99
God Given,986.99
Normipaiva,986.96
RIZON Maki,986.96
Squad Of Aces Blaze,986.94
Monkey Stars,986.91
Nana's Biscuits,986.91
Team Sprel,986.85
YMCA Esports,986.8
NBKS Titans,986.8
Kommando Howl,986.8
Raw Dawgs,986.72
Kudos,986.69
Caught in 4k,986.68
BRACE LaM,986.66
Refugee Camp,986.66
GamerDuderGuys,986.63
NBKS Mercenaries,986.63
Prominence,986.62
GEKO GEKO GAMING,986.62
Team 86,986.62
Young&Old,986.6
Gunslingers,986.59
mixenergy,986.59
みぞもりゲーミング,986.59
Down Two Earth,986.57
AVESTA,986.57
SUPERMASSIVEBOTS,986.57
Brolympics eSports,986.56
Table for 5,986.52
Team davidp,986.48
Team Reckaroo,986.48
Underground Gaming,986.43
SUPREMACY,986.42
idkman,986.41
Food Eat,986.4
Cracked,986.39
wafflemakers,986.37
Bonsoir,986.34
WNF Esports,986.32
YungMuzzy Corps,986.21
i love valorant,986.17
DREAM.GG,986.16
Lethal Esports Alpha,986.11
Azules Esports,986.11
Why So Serious,986.09
FATAL,986.08
FinalFormHQ,986.08
KunPenG,986.07
UYU,986.06
Sanguine Rebels Dragons,986.06
Final Form,986.06
Chivas Esports,986.03
Momentum,986.02
DEVOTEES,986.01
THE FIVE EMPERORS,985.98
Phoenix1 Reborn,985.92
VAMOS eSports,985.89
Jenerators,985.89
Thatoc Esports,985.85
Team NoM,985.85
Static,985.82
United Gaming,985.81
Wizards Club,985.79
Easily Upset,985.74
BULLS Esports,985.73
MoneyTime,985.73
Orangutan X,985.73
Team Opulence Gold,985.72
DUPG Esports,985.71
AERIS,985.7
Mujig 100su,985.69
FARESHI,985.67
EDO TENSEI,985.67
MEW2,985.67
ziKapangas,985.66
YAZDA,985.65
Dreams To Legends,985.63
BOSS-Reformed,985.62
Hidden Fang,985.62
I Need Money,985.6
IceWolves Esports,985.58
top500 and dog,985.55
Gx,985.55
that cool team,985.54
Hello Kity,985.53
Genuine Gaming,985.5
Cavalry Esports,985.49
4Q,985.46
E-Daters Inc.,985.43
MAFIOZI,985.4
Phantom Troupe,985.37
Clemson Esports,985.33
Truly Humble Under God,985.32
Hitmen,985.3
Yasei,985.28
5 Yung Drillas,985.26
Sinop,985.26
The Mad Men,985.26
DOODAY,985.25
FlashDash,985.25
Tupperware Fan Club,985.24
Illinois Servers Please,985.19
Capacitanes,985.11
MiBH,985.11
EX-Killabeez,985.1
BaTagoR,985.09
Charlotte Phoenix,985.08
BC SWELL,985.05
Bingueiros,985.04
JDG Esports,985.03
PROJECT K,985.02
CSULB Black,984.99
Pacific Gaming,984.97
Parek v rohliku,984.96
WHITE TIGER,984.95
RTG eSports,984.87
yuanyoyin,984.87
Ignisoul Gaming,984.84
NEANLATIYONBOLM,984.83
Vipes Anime Crew,984.82
bagels and donuts,984.78
OLIMPO,984.76
HOIIIIYAH,984.75
mluos munchkins,984.75
UNFAIR,984.73
OIL,984.7
M1X,984.7
MishMash Gaming,984.69
Evolved Gamers,984.69
NOSLEEP,984.64
Infamous Gaming,984.63
Team Volpid,984.63
RedPACK,984.62
La7zag Esports,984.61
Monsters Have Hearts,984.53
Sbread Gaming,984.52
Harmony Opal,984.5
Totem Providence,984.47
GFuel Krabby Patties,984.46
Hysteria,984.42
The Demons,984.42
DiaXmix,984.41
NOORG,984.41
AVEZ Esport,984.38
dotExE,984.38
LILAX,984.37
MELiNA,984.35
Ignite,984.34
Purpose Gaming,984.34
Team Sfory,984.32
ET White,984.32
Origami Team,984.32
MVP Esports,984.28
RIFLE CRUTCHERS,984.26
Surf Esports,984.23
exuLt.gg,984.22
PSISTORM,984.22
Fear Eater Sierra,984.2
Pasquallys Pizza Posse,984.19
Ambitious,984.18
Purple Team,984.18
AGAiN,984.16
8Pancakes,984.16
Beta Irons,984.09
select few,984.09
Hugh Jass Construction,984.07
Team blackelespanolito,984.04
AURA Violet,984.04
010 Esports,984.03
Free Sign,984.02
OG4Z,983.99
MLT Esports,983.96
Ions Day Care,983.95
Nightblood Gaming,983.88
BALANCED?,983.85
Nutrl,983.85
KTRL,983.83
Elysium NOIR,983.8
666,983.79
DSYRE GC,983.76
Voyager Esports,983.72
99th team,983.69
Natural Selection,983.69
AERA,983.68
Vacuumers,983.67
Dewa United Esports V3,983.67
Fox Wizards,983.65
Skelp Esports,983.65
FTW Red,983.65
Circe,983.63
Aerstream Esports,983.63
For Fun,983.63
Coconut Munchers,983.6
Exalty,983.55
NXP.Aether,983.54
AKA HERO,983.52
W Key,983.5
Offlimits,983.47
NEBULAA,983.45
1MillisecondX,983.42
TEMPO,983.41
Insomnia GC,983.38
RMU Colonials,983.37
9XL,983.36
Guardian Esports Team,983.35
AboveCloud,983.34
ArchNemesis,983.33
Full Flashed,983.3
Spectral Esports Purple,983.3
6Kings,983.29
We Need Org,983.27
Manse PP,983.25
PM,983.22
Team Impakt,983.2
Kawaii,983.2
Bloodsport,983.18
Team Mithrain,983.17
No Fear,983.17
La Familia,983.17
VIVIFY ESPORT,983.16
RAIJIN,983.16
imnot,983.15
Rating Greatly Decreased,983.12
NoPracc,983.11
Wofdex Esports,983.09
Øutsiders,983.08
Stuverance Esport,983.08
FazTeuHype,983.05
SETOUCHI ENLIFE,983.05
On Top Soon,983.04
Jujutsu,983.02
FYB,983.01
Kraken ESC White,982.96
RABBIT NOORG,982.95
Team 7,982.9
VIRGINIA 1,982.89
EZBake Clan,982.88
Bakim Corp,982.87
lavender boys,982.85
Retake Mid,982.83
Schat'z,982.82
Looking for team,982.8
Odyssey Atlas,982.77
Battalion,982.77
mens)),982.72
Mawar Dandelion,982.7
Slaughter House,982.68
Team TEA,982.67
AVALON Gaming,982.66
TLP Monkies,982.66
303 Esports,982.65
Vertical Seven Esports,982.65
Paradise Esports,982.65
Team arch,982.64
DRIFT,982.63
FALTAM 2 MIN,982.62
Levitate,982.61
Avium Esports,982.59
GIVENCHY PARIS,982.55
5KS eSports Club,982.55
Good Morrow,982.54
Zelos,982.52
Red Eye,982.52
Hyderabad Hydras,982.5
A SEITA,982.49
Orgless5,982.49
Digitroni Esports,982.49
JNS Gaming,982.49
Shi Shui Wen,982.48
Furacão RED,982.45
100emoji,982.43
Daytrade Gaming,982.42
Outlaws,982.42
BLUEJAYS Frates,982.42
Anavrin Esports,982.42
LG Terra,982.41
romi n frends,982.41
PK,982.4
Illuzion Black,982.4
Why Do We Suck,982.39
Patron,982.39
Sweet and Spicy Cajun,982.38
DREAMMAX,982.38
Elektronik Denetleme Sistem,982.37
Infantry,982.36
Plore Gaming,982.36
TropiCaos GC,982.36
HG,982.35
Fenda Dos Streamers,982.35
Six Figures,982.35
el bdoon,982.34
epic gaming,982.34
Merlyn Esports Shine,982.34
HARD Esports,982.31
CERULEAN.EXE,982.3
TJD Esports Club,982.3
Team Ryux,982.29
Team YamatoN,982.29
pick me up,982.29
SGA Incheon,982.29
Helios Gaming,982.28
BANDYCI,982.28
Overkill,982.28
Cumberland Phoenix,982.27
Kulin Esports,982.25
FearX,982.24
Somnium Esports,982.23
Next eSports,982.23
Venomy Esports,982.23
Velaris,982.23
Alpha Six Gaming,982.22
SANRIO,982.22
EGO BOYZ CLUB,982.21
6'4 fully tatted,982.21
Shoguns,982.21
ownage,982.21
Avengers,982.21
Royalty Forgotten,982.21
BLUEJAYS Hunter,982.2
Aether Esports,982.18
LionHeart,982.17
ROSE,982.17
Xtreme Gaming,982.16
Invicta,982.15
XStealers,982.15
Gifted,982.15
Agentes Livres,982.13
Tenacity Pro,982.12
Lanboken,982.12
Orgless22,982.12
Sleepless,982.11
Achieve Esports,982.11
AMENO,982.1
UnitedERA,982.1
Square Nation,982.05
ABC Boiz,982.04
Ackerman Team,982.04
MINDCONTROL,982.03
Away from Kitchen,982.02
Pulsar Blue,982.02
Merry Men,982.01
Fresh Off The Boat,982.01
BabyJ Esports,981.99
Elemental Esports,981.98
kek123,981.96
Nocturnals,981.94
Wave Splash,981.94
Boavista FC,981.93
Rising Hope,981.92
Zer0 Latency,981.91
Memelanders,981.89
bob l'eponge,981.89
EDP445BROS,981.86
Serenity Esports,981.86
Proven,981.85
F4K Ladies,981.84
XO Esports,981.84
Invincible Gaming,981.83
Team Puñeta,981.82
Vorpal Swords,981.8
Caffeine Fiends,981.78
Balkan Stars,981.78
WAY Esports,981.77
Xinh Gai Tay To,981.75
DEFY Gaming,981.73
Lazarus,981.71
Dominus Esports,981.71
화나면 물어요,981.69
Team Galaga,981.67
Retired Flavour,981.66
Team Alay,981.66
FlyMatez,981.65
NoMercy,981.64
Phenomenon,981.63
Capacity,981.63
KeepBest Gaming,981.6
NOGAS Esports,981.58
HyperSpeed Ruby,981.57
DXA Esports GC,981.57
BDV,981.54
Forsaken,981.54
Team Poland,981.53
Morumbi,981.53
PROJECT X,981.52
chess on crack,981.52
Team NVus,981.52
Zercus Esports,981.51
Team Doggo,981.5
Sewercats,981.5
Saplak,981.49
SunXet Club,981.49
SOMETHING2PROVE,981.48
Onfire Team,981.45
CSUN Black,981.44
Throwers,981.43
Stellae Academy,981.43
InnerVoice,981.42
Prinzen von Stuttgart,981.41
Ice Donuts,981.37
Millennium Agency Venom,981.37
TBA,981.36
Socks Up,981.36
Armory Aresta,981.36
XENEX,981.35
Cuddle Gang,981.34
Team International,981.34
Banbind,981.33
Resurgence,981.33
no org,981.32
RYU Gaming,981.31
Goldencat Gaming,981.3
KING OF SELVA,981.29
the gu krew,981.29
Cruzados Esports Fem,981.29
KappaPride,981.28
AST Luminescent,981.28
Celestials,981.27
Dangerous Rose,981.27
Giant Submarine,981.25
DrAgOnZz,981.24
Team Godzilla,981.24
Tulane University,981.24
Przejazd,981.23
reserv,981.22
STAGA,981.22
Bedel Ödeyenler,981.22
Aquila,981.22
Elite,981.21
Team Assassin,981.21
MinD,981.21
INS4NE,981.21
doneVAL,981.2
ShikouKouketsu,981.2
ARBIES,981.2
Team Kittenz,981.2
ETERNAL,981.18
RSG,981.16
Nerd Emoji,981.16
NujnaOrga,981.15
Tropa do Enguiça,981.15
Dia De Los Muertos,981.15
Cicka123,981.15
DFT Revitalize,981.15
AnimeSquad,981.15
AYO GameOn Esports,981.15
Team Pacify,981.15
DG Esports,981.15
Ka4 e-Sports Club,981.15
ShanXi Gaming Girls,981.15
XFlow Esports,981.15
Bnat Char9i,981.15
404 Multigaming,981.15
VALONEWTONS,981.15
furi+4,981.15
1TK,981.15
Early Access,981.15
Fortnite and Cola,981.15
Urban Beauties,981.15
I Miss her,981.15
York University Lions,981.15
Miracle,981.15
BAD SAD AND MAD,981.15
LionsCreed,981.15
The Great Escape,981.15
BOOMBA ROSA,981.15
headhunters,981.15
Team Ketarys,981.15
1Millisecond Black,981.15
Kunai Esports FEM,981.15
Special TiGers GC,981.15
Offenders,981.14
HACKJR,981.14
Beşiktaş Esports Female,981.14
Believers,981.13
Relaxedly,981.13
Scooby Doo Gang,981.13
kd negativo,981.12
Night Wings Gaming,981.12
RyZe Eclipsa GC,981.12
UCFC Esports,981.11
eXiLe Academy,981.1
Serenity Purple,981.1
Crazy Raoul,981.09
karma and friends,981.09
S2V Esports,981.08
Peace And Love,981.08
CONCENTRA SOVA,981.03
Reformed,981.03
Gamer In Real Life,981.02
Dunking Crazy,981.01
Cowabungus,981.0
HA`KARANTINE,980.99
Less Than 3 Viewers,980.98
BRACIA,980.98
$10 DM FEE,980.95
mfs,980.94
WanteD,980.93
Sneaker Daily Meloner,980.93
ShadowzGG V2,980.9
Chosen 1s,980.9
TLP Peach,980.89
RATAO,980.87
Team Mang0,980.86
Without Org,980.86
Hope,980.84
Good 8 Squad,980.84
CGN Youngstars,980.83
Lumine,980.82
Random Five,980.8
ET ELLER ANDET FEDT,980.8
Team Focus,980.8
Banditz,980.8
Weeping Angels,980.8
Event Horizon GC,980.79
Archie Dynamite Dalmatians,980.78
Elite Vigorous,980.77
Shanghai Emperors,980.76
Medal Esports,980.74
Feel Your Play,980.73
Xu Gang,980.73
La Têto,980.71
VantaBlack,980.7
Vammo E-Sports,980.69
Ronin Team,980.69
We Dem Bois,980.68
Shiba,980.67
GiefKalash,980.67
CripWalkas,980.67
Polpette Di Carne,980.66
Permitta eSports,980.66
AYB Esports,980.65
Los Vigentes,980.65
Vorpal Sword,980.64
M1XXX,980.63
Lithium,980.63
Redsea Esport,980.62
ZABB,980.61
DevilDucks,980.59
Kirbee Squad,980.59
ex-AING MAUNG Esports,980.58
be Logic,980.57
Winfinity,980.57
Team White,980.56
LvL Up Esport,980.56
Team Plague,980.55
Interpol,980.54
Adept esport,980.53
Grind City,980.53
Blitz Esports,980.5
Guasones,980.5
Dead Orbit,980.5
Athena,980.49
WTP,980.48
L8R Bot,980.46
Merge,980.45
Flash and Dash,980.45
UCLA Esports GC,980.45
Avernus Esports GC,980.44
Dark Matter Black,980.43
New World,980.4
KHABHAT GAMING,980.38
CO-OP.gg,980.38
JustSoldiers,980.36
BreakThru GC,980.35
capuwu,980.34
indepeNdent,980.33
Demigods @ UCSD,980.33
Graviton Surge,980.31
4Real Hurricane,980.31
Supremacy Gaming,980.3
Noctis,980.29
VEC DAEJEON,980.29
supremacy,980.28
FroztFire,980.27
Slay Them With Respect,980.27
Pho Real,980.26
Shock Unit,980.26
Foxy,980.24
Novavirtus,980.23
Anaadi Army,980.23
BRAVOS GAMING,980.21
Creme brulee,980.19
Anomaly No Charms,980.18
Invaders,980.17
Labyrinth White,980.17
goodfellas,980.16
pookie nation,980.15
Guess,980.14
Akademus Esport,980.14
Team Samurai,980.14
DNA PEEK,980.14
xaprala,980.14
NVM,980.13
Fighting 4 Freedom,980.13
Optix Fem,980.13
ExiLe Gaming,980.12
Team Flux,980.1
Up Next,980.1
TUBEPLE Gaming,980.09
GOLDEN5,980.09
Sophie's children,980.08
Innocent Cats Esports,980.08
335 Cầu Giấy,980.07
RD Esports,980.07
The Dush,980.07
Red Eyes,980.07
Elysium Rose,980.06
Saviors,980.05
SendTreePay,980.05
Triplers,980.04
MSR Esport,980.03
NoNameRabbit,980.03
CROUCHSHOOTERS,980.02
INTZ Angels,980.01
Mkers,980.01
Whatever Works,980.0
Obey Alliance,980.0
Team Kurt,980.0
Team Fi,980.0
Madness,980.0
SELFMADE,980.0
Team Nordic,980.0
Team Jbzz,980.0
Vikingekrig Esports,980.0
Begrip Gaming,980.0
SWOLE PATROL,980.0
i miss her,980.0
GodSpeed,980.0
GODSENT,980.0
NeverEndingStory,980.0
French Frogs,980.0
Team Miss Rage,980.0
Team unlostv,980.0
Team gamelifeow,980.0
Team kalera,980.0
Team Zigueira,980.0
Team Znorux,980.0
Team Kephrii,980.0
Team Austin Creed,980.0
Team CDNThe3rd,980.0
Team Clutch_Fii,980.0
Team iaaras2,980.0
Vanish,980.0
Team Liquid R6,980.0
MIXUP,980.0
small soldiers,980.0
Team Yelo,980.0
ShinoBee Gaming,980.0
ROX Gaming,980.0
AKIHABARA ENCOUNT,980.0
CREST GAMING Zst,980.0
Team izak,980.0
Agua Fusion Latao,980.0
Team Pan,980.0
Eternity Esports,980.0
Knights of Bizertin Rise,980.0
Stade Tunisien Esports,980.0
ex-WaVii Team,980.0
QQQ Hasagi,980.0
XTEN Esports,980.0
Undead Gaming,980.0
esoteric,980.0
i95,980.0
Olav,980.0
VI VET MEST,980.0
K1CK,980.0
street's sentence,980.0
Carpet Cleaners,980.0
Only-Esports,980.0
SHAKA BRAH,980.0
BigBrainDOGS,980.0
defkon,980.0
Question Mark,980.0
Bantz,980.0
Crab Walk Killers,980.0
1HP,980.0
Shawty Gamin',980.0
Team Owl,980.0
eXec,980.0
On'Verge,980.0
desu,980.0
LOVEBUG,980.0
Team Tixinha,980.0
EXODIA5,980.0
Pendragon Cyber,980.0
30% BF,980.0
KILOISDEAD,980.0
Superdomineering,980.0
Builders,980.0
Last men standing,980.0
Atheris Esports,980.0
Bencheados,980.0
Fekyx Esports,980.0
Dead Rabbits,980.0
Up For Sale,980.0
Flawless,980.0
Sailor Scouts,980.0
Catolica Esports,980.0
PDHM Gaming,980.0
Team Singapore,980.0
Drop Shot,980.0
Armory Gaming,980.0
K/D Fixers,980.0
random5,980.0
Ambush,980.0
Good Game,980.0
lvlUP,980.0
Far East Society,980.0
earnings: 0,980.0
Blitz,980.0
SeolHaeOne Prince,980.0
South,980.0
Mandala,980.0
CH1LL,980.0
Santino,980.0
RevX Necrosis,980.0
ROC Team,980.0
PARA LAZIM,980.0
Designated,980.0
Penn State University,980.0
Royal,980.0
steven edge le,980.0
pokas ideia,980.0
VETERANOS e-Sports,980.0
eRa Eternity,980.0
Vital Force,980.0
Galakticos,980.0
Alterfox Esports,980.0
NoNameG0Ds,980.0
InFernal,980.0
komand04ka,980.0
feelmyhack,980.0
FiftyOne,980.0
Eternal Zen Gaming,980.0
Catalyst Esports,980.0
Challenge,980.0
bTitans,980.0
Shadownet,980.0
Fiat Lux,980.0
LYNX TH,980.0
NOX Esports,980.0
Emerald Gaming,980.0
DIRTY,980.0
NoKap,980.0
OG Esports,980.0
Occamy Omega,980.0
Team Z,980.0
Borderline,980.0
Team pipsoN,980.0
Team Maikelele,980.0
Team Happy,980.0
VIIIJNIIIIIIIIIIIIIIIIII,980.0
corgi,980.0
Pepeggas,980.0
Nasty Ninjas,980.0
Team Max,980.0
Smooth Criminals,980.0
NOX,980.0
LANCHILLERS,980.0
Iconic,980.0
leões da Ranked,980.0
Chichaland,980.0
hej patrik,980.0
GRAZHtAS,980.0
ÉPEGADINHA,980.0
Obstacle,980.0
aim hor$e,980.0
Bencheados Academy,980.0
NoBordeR,980.0
Entropy,980.0
Angels,980.0
Bounty Esports,980.0
Radiant Roombas,980.0
SUPER SQUAD,980.0
Wolves of Hell,980.0
Phinance G,980.0
Esquema Único,980.0
Mark Five,980.0
badcovid,980.0
VK Gaming,980.0
ChesterNo,980.0
MROrgless,980.0
PAJACE,980.0
EMPEROR,980.0
Zero Synergy White,980.0
Broskis,980.0
swieca mix,980.0
Fatality,980.0
Physical,980.0
Synergy Esports,980.0
Team SMOKER,980.0
Gehenna Sweepers,980.0
Team NoX,980.0
Thunderbolts Gaming,980.0
jaba,980.0
ALFA Esport,980.0
CANAVARLAR,980.0
cuties with cooties,980.0
50LANDING FANCLUB,980.0
Bewds Beautiful Bots,980.0
Weeb Dream Team,980.0
gudetamas,980.0
TLP & Friends,980.0
Big Gains,980.0
RAWR xD,980.0
Bleiz,980.0
OKGG,980.0
Prima Esport,980.0
TauCeti,980.0
iXA,980.0
5 Randoms,980.0
Cursed Team,980.0
REVOADINHA,980.0
Friendlings,980.0
AD Infinitum MORPHEUS,980.0
GBP Esports,980.0
Flow,980.0
JG and friends,980.0
v0rteX 5,980.0
Antalyaspor Esports,980.0
Game Dimension Esports,980.0
Watch This,980.0
Suradech Gaming,980.0
No Witness,980.0
Admirals,980.0
Bunker Esports,980.0
Dynasty ZRAW,980.0
fully,980.0
Toh 'n' Friends,980.0
LCVS esports club,980.0
TUMT,980.0
OS GURI,980.0
5Ravens,980.0
TiAMAT,980.0
Olympus,980.0
Damianos Esport,980.0
POWER,980.0
Anyway,980.0
ITALIANO,980.0
Jaguares Fem,980.0
Europe Savios,980.0
POISON CLAN,980.0
GunTeR,980.0
FearSlay,980.0
Rebellious Gaming,980.0
Duck Gaming,980.0
breskvice,980.0
Cruzeiro Esports,980.0
47 Gaming,980.0
Team BELEAGUERS,980.0
Bizarre Gaming,980.0
PULSAR OLDSTARS,980.0
The Future,980.0
We Raise Blame,980.0
Night Raid,980.0
Oasis Gaming GC,980.0
Water,980.0
Icicle Conflict,980.0
BBBongos,980.0
On Vient CS,980.0
RedFire.Wasd Arena,980.0
PN Crew,980.0
Unique,980.0
Damn I Love Fwogs,980.0
Horse Victory,980.0
nA Whiff Masters,980.0
FlamexSerenity,980.0
Dream Team,980.0
NMG Indigo,980.0
ONYX Purple,980.0
Frat3rnity,980.0
Finest Female,980.0
Lapki,980.0
Galakticos Sirens,980.0
Unranked,980.0
E-Natolian Sports Club F,980.0
ARDENT,980.0
Dead Silence,980.0
CSGO村,980.0
Team Frosty,980.0
BIGG SCYTHE,980.0
Aricat.Aresta,980.0
RAS,980.0
Angel Wings,980.0
Renaissance,980.0
Panthers Violet,980.0
Gamers of Future,980.0
GGamDira,980.0
KGA,980.0
VOX Populi Esports,980.0
Callais Orion,980.0
The Kor Kors,980.0
Redteam Esport,980.0
Claquettes cahussettes,980.0
Tropinha do TIKTOK,980.0
Hot Thots,980.0
anythinglajustput,980.0
The Unfortunate Five,980.0
Bing Bong,980.0
five guys,980.0
Foxera & Friends,980.0
TikTok Baddies,980.0
swag and friends,980.0
Anime Super Soldiers,980.0
The Straw Hats,980.0
West Coast Demons,980.0
cismix,980.0
Dark Tempest,980.0
Straw Hats,980.0
SFTSAFTM,980.0
True Kings,980.0
m8 Esports,980.0
frog munchers,980.0
Virtual Anarchy,980.0
Utah Bless,980.0
Mowil Esports,980.0
Unnamed Esports Fem,980.0
Twareg Esports,980.0
mcdonalds shift,980.0
Team RUIM,980.0
The Zoo,980.0
Lipxitus,980.0
EAID MISFITS,980.0
CyberGround Gaming,980.0
Never Surrender,980.0
Flying High,980.0
PC,980.0
Maruti Peek,980.0
Lumsum,980.0
Team JOBSO,980.0
Bob the Builder,980.0
Team Sync,980.0
Quintuplet,980.0
LeaveNoWitness,980.0
Meta Gaming Fem,980.0
GamDaeng,980.0
Gungahlin Warriors,980.0
Gringo Team,980.0
Panda Party,980.0
brown gunday,980.0
Whitelist,980.0
Deportivo Cali Esports,980.0
Focus e-Sports GC,980.0
Madness Zen Esports,980.0
Amazing,980.0
Team Ellie,980.0
Team Kellysama,980.0
Team Carlee,980.0
WannaBees,980.0
Moonshot,980.0
AZN,980.0
BEEX,980.0
FTW Evo,980.0
Cherish Girls,980.0
Lone Way E-SPORTS Female,980.0
Lady Killer,980.0
Kappa e Vara,980.0
Dragonslayerzzz,980.0
impulse101,980.0
Dannys Daycare,980.0
King's Catgirls,980.0
roid head,980.0
Blackout,980.0
R5,980.0
Team Jess,980.0
Team steel,980.0
Team a2guapo,980.0
Team Grim,980.0
ID Ruby,980.0
-140,980.0
A Warm Busch Light,980.0
Gate Guards,980.0
Oblak9,980.0
Verity Esports,980.0
club penguin,980.0
Team s0m,980.0
Team PROD,980.0
UO Green,980.0
UMD Premier,980.0
TTU Red,980.0
UCO Blue,980.0
NJIT Highlanders Red,980.0
UTA Esports,980.0
NCSU Black,980.0
Fanshawe FUEL,980.0
WSU Crimson,980.0
Oklahoma,980.0
Scarlet Knights Royal,980.0
UNLV Scarlet,980.0
MSU Texas Esports,980.0
MTU,980.0
Davenport University,980.0
CU St. Paul Golden Bears Blue,980.0
Conestoga Condors,980.0
AMORIS Vega,980.0
Short Team,980.0
GMU Patriots,980.0
Champlain College Varsity,980.0
UGA Black,980.0
GVSU Blue,980.0
Illini Esports Orange,980.0
IVC Blue,980.0
CSUF Blue,980.0
UCLA Esports,980.0
McMaster Marauders,980.0
VIVID Obsidian VO2,980.0
RPG,980.0
West Virginia University,980.0
Stony Brook Red,980.0
Rumble,980.0
"Nada mal si nos tá, fazendo dinheiro...",980.0
SEMORGAINDA 3.0,980.0
rock with googly eyes,980.0
BackToBack,980.0
RedPack,980.0
Team Villainous,980.0
Casa Noturna,980.0
QuartetoDos5,980.0
ESP eSport,980.0
we need help,980.0
TSG Esports,980.0
Wintermint,980.0
eMasters,980.0
AYM Esports,980.0
[REDACTED],980.0
ODU Monarchs,980.0
Division 0,980.0
PWYH,980.0
STYLE,980.0
KIDZONE,980.0
좀비 아카데미,980.0
BLX UTD,980.0
Team Mogul Moves,980.0
Athens Apollo,980.0
Handsome Jit,980.0
Fantasy Gaming,980.0
Old School Kr3w,980.0
FreeAction,980.0
SAD Lions,980.0
ERAU Varsity,980.0
UCSD Gold,980.0
Extraordinary,980.0
Laos,980.0
Brunei Darussalam,980.0
GO Cyrene,980.0
Capybara GanG,980.0
Vipers Clan,980.0
Boss G KDM,980.0
SYSTEM e-Sports,980.0
FOKUS Sakura,980.0
I May,980.0
MimicGG,980.0
Team SuperBusS,980.0
XOXO Esports,980.0
Iridescent Dreams,980.0
Potter Posse,980.0
Red Flag GC,980.0
GROW Gaming,980.0
SPICE Thieves,980.0
Gen.G Global Academy GC,980.0
bemyteam,980.0
Dortmund Esports Crescent,980.0
Lil Divas,980.0
bronze player,980.0
Xenesis e-sports GC,980.0
Soleil Gaming,980.0
TZ BLUEBEES,980.0
O2 esports,980.0
AEX-1 Nova,980.0
CTRL Elektra,980.0
Majesty Maidens,980.0
Twisted Minds Orchid,980.0
VizUprising Invicta,980.0
BLUE TEAM,980.0
Nova Esports GC,980.0
ABOMINEVE,980.0
Authority Fate,980.0
SINISTROSS,980.0
Os maridinhos,980.0
Stone Esports,980.0
Cardboard Rex,980.0
Team Korosu,980.0
Team Shmoople,980.0
Team Emijuju,980.0
DG,980.0
Ragequit Rejects,980.0
BigBrawkingBoys,980.0
Snirot Daycare,980.0
Red Flag,980.0
fake da shi,980.0
Team Amanda,980.0
Team Pai,980.0
Team West,980.0
CONNEXT Fantasy 2,980.0
beckardigans,980.0
HELLS PARADISE,980.0
Belford Roxo TEAM,980.0
WERDER WEREMEM,980.0
Team Red,980.0
Meats,980.0
THE UNLOCKERS 1,980.0
PRO MIX TEAM 2,980.0
Team Superbuss,980.0
Team Cece,980.0
Team Phantom,980.0
RNKKO Esports,980.0
Team Tarik,980.0
Team Aniemal,980.0
ReturN,980.0
ReliaNcE,980.0
Carecas e Calvos,980.0
Ruddy,980.0
insanity,980.0
black hole sun,980.0
Citrus e-sports,980.0
DELTA esports,980.0
MidnightSun_Gold,980.0
Krunker Demons,980.0
HyperSpeed Onyx,980.0
Don't be Weird,980.0
UCSB Gold,980.0
Evoza GC,980.0
UWaterloo White,980.0
Van Lyn Frost,980.0
Silly Waffle,980.0
Neglected,980.0
Thoti's Golden Children,980.0
Full Tilt Esports,980.0
Symphonies,980.0
Kosame,980.0
96 Bulls,980.0
Dexterity Gaming,980.0
Death be Happen,980.0
THE HERO,980.0
Please Don't Fire,980.0
Corn Dawgs,980.0
After Life Esports,980.0
Glass Girls,980.0
Reseda OKAMI,980.0
RAVENOUS,980.0
Vandals,980.0
NOTILT,980.0
Baby Poko,980.0
Deagle Ravagers,980.0
OK Gaming,980.0
Hexagon,980.0
ROYAL ONSLAUGHT GAMING,980.0
delman,980.0
Termina Enjoyers,980.0
ContraxScrub,980.0
Subversive,980.0
Misses Worldwide,980.0
PIXEL,980.0
HEROIC Valkyries,980.0
Scissor Sisters,980.0
polar bear,980.0
Evergarden GC,980.0
Gang Gang,980.0
HSMIX,980.0
ENVEE Esports,980.0
NAXAN,980.0
TeLa NvBing Esports,980.0
Dream Chaser,980.0
Team xccurate,980.0
dORA,980.0
Bubatz Buben,980.0
WHATTHE?,979.99
The Box by Infinity Area,979.99
the process,979.99
mercenaries,979.97
Team PAGO,979.96
Ark5,979.96
Liga Uncharted,979.96
Wave Academy,979.96
Massive Physiques,979.96
Asmodeus Colosseum GC,979.95
MALIBULULE,979.93
Polonez,979.93
Scarlet Knights Black,979.93
Team Digital,979.93
Java PR,979.92
Feint Gaming,979.91
Ambitious Gaming,979.91
Miracles,979.9
Zanga7,979.9
Phoenix2,979.9
CRWNZ,979.89
Max Control,979.88
Project,979.88
Regal E-Sports,979.87
Fallacy,979.87
ARES Gaming,979.86
Dontcare,979.86
ALL GAS NO BRAKES,979.86
Cherry Bomb,979.86
57,979.85
Mantou,979.82
blackhat esports,979.79
DreamSeller,979.77
VizUprising Mafia,979.76
Nocturnal,979.74
Gaming Barracks,979.73
Niner Esports,979.73
Inferno,979.71
Frigid,979.71
Team Questionmark,979.71
Šnečí nožičky,979.67
Beyond Infinity,979.66
Endure White,979.66
Neons Ninjas,979.65
NemAPAU,979.65
peanutz,979.64
Double Vision,979.64
Spikerush Esports,979.64
Team Resilience,979.62
Vulpine Esports,979.61
99cents,979.6
Divinity,979.59
Starlight,979.59
NMG Celeste,979.58
Vela Gaming,979.55
Taiyo eSports,979.53
Ambush Esport,979.52
ex INS,979.52
PLATOON,979.51
Prophecy ESC,979.48
,979.47
KRC Genk Esports,979.47
Akella,979.46
The Goose House,979.46
nedg's daycare,979.45
LANDODGERS,979.43
J Team,979.42
NWJ,979.4
Sanctity,979.39
ThriveHQ GC,979.39
Blahaj Huggers,979.38
Young Supremacy,979.36
Pushin B,979.36
Weird Esports,979.34
Madrid Rise,979.31
h$666,979.31
Putting In Time,979.31
Grinch Gang,979.3
Bulldozer Gaming,979.28
Seeker,979.27
dont test our gangster,979.25
Storm7,979.24
MIX,979.24
Headshot,979.23
Avernus Esports,979.23
Team Spectralis,979.22
Six Karma Feminil,979.22
Level 5,979.21
Apex,979.18
Tamaria Altunga Esports,979.18
Average Joes,979.16
Van Lyn Magenta,979.16
5 Clown,979.16
Leviatán Academy,979.15
LAETUS Gaming,979.14
Solar,979.14
Go 4 Broke,979.14
Scarlet,979.14
SPIN Academy,979.13
Team Hybernation,979.13
Viva Hollandia,979.13
Pirate Nation,979.12
4 lixo + Nikinho,979.12
Mammoth ESC,979.12
Team Celestials,979.11
XEROX,979.1
Spain+China+Africa,979.08
ODCINKA V2,979.06
I Got Mine White,979.06
paprica picante,979.06
DGU,979.06
Team Fish Taco,979.05
Astro Esports,979.04
Meteor,979.03
Skulls Esports,979.02
Unnamed,979.01
Euphoria,979.0
Lizard Munchers,978.99
Native 2 Empire,978.98
YMG,978.97
ORACLE Esports,978.97
King's Gambit,978.95
Arkangel Esports,978.95
Yendez,978.94
Royal Pekingese,978.94
KK VALORANT,978.93
HEAD HUNTERS,978.93
Kaster Onez,978.92
Fluency,978.92
Team Q1 Rainbows,978.92
Team South Korea,978.92
Orbit,978.91
Vieux Touristes,978.91
4nem,978.91
roLLed,978.9
Jaguares Esports,978.9
Equality,978.9
NBD Esports,978.9
Kakaopulver,978.89
TIMETOPLAY,978.88
All Victory Esports,978.87
Barrados Do Divine,978.87
ABB ASKI E-Spor WHITE,978.87
Bumbleboys,978.85
Timbers Esports,978.85
Quickmath,978.85
ProximiniTY Gaming,978.85
Peaky Blankers,978.85
REVIVE,978.85
FS Gaming,978.85
XP Team,978.85
come next,978.85
zTitans,978.85
QLASH Egypt,978.85
Team ONSCREEN,978.85
BananaBoys,978.85
Black Bears,978.85
Rodelindo Roman esports,978.85
TTSH,978.85
ValorsGG,978.85
RGB Gaming,978.85
Unbind Crouch,978.85
Namak Boys,978.85
OtherSide Rouge,978.85
Illusion,978.85
İstanbul Wildcats Female,978.85
FireBaby Esports,978.85
Title Chasers,978.85
LAPFAP,978.85
Fear of God,978.85
afterMath Wave,978.85
Krakens Esports,978.85
Goblin Attackers,978.85
ALBION,978.85
herb hunters,978.85
Rapid Lofi,978.85
Next In Line,978.85
Sway GC,978.85
DeviLish Grin,978.85
Lasagna Gaming,978.85
Ratz,978.85
Ivy League Gaming,978.85
VLG X,978.85
Boberts-Bugs-B-Gone,978.84
SCYTES,978.84
Kitten Gaming<3,978.84
Smoke and Friends,978.84
RosCey eSports,978.81
MORE Esports,978.81
Team Rumble,978.8
New Moon White,978.8
Tempest Sky,978.8
GameAgents,978.79
4Fun Gaming,978.79
ECM FCG eSports,978.78
Cleiteam,978.78
Space Walkers,978.77
RCTIC,978.76
Luxoria,978.76
Young and Beautiful,978.75
Omni,978.75
DumbFox,978.75
Tengkorak,978.73
Last Minute,978.73
Four Angry Men,978.73
Zootopia,978.72
Team Diamond.R,978.72
ROLO COMPRESSOR,978.72
Northern Forces,978.72
Titan Esports,978.71
La Puenta,978.71
Old Dudes,978.7
ATS Brave,978.7
Amigos Esports,978.7
BOTT,978.7
NOVO Esports CC,978.7
BYE,978.69
team flavor,978.68
Legion de Reconocimiento,978.68
GroundZero,978.68
GONJO,978.67
Arcade Esports,978.67
ex-Phoenix1,978.66
Kommuna,978.65
Phoenix,978.61
A.S.M.R.,978.6
Team HS,978.57
Zwan Gaming,978.57
SUMMIT's 탁아소,978.56
O2 Gaming,978.54
Roulette,978.49
ESTEVANDOR,978.48
Zoomer Academy,978.46
GOSU,978.46
VCTRY Esports,978.45
Mean Girls,978.42
Kings of Sosnovka,978.41
Fadee Gaming,978.39
PHARAONS,978.38
Zero Synergy,978.37
Depth,978.36
New Order,978.36
The Jury,978.36
ex-EG Reserve,978.35
No Country,978.29
MoreBetter,978.27
Conquest Esports,978.26
TTL,978.26
1620 Kings,978.25
VITE,978.24
project_kr,978.22
Army of Five,978.22
Aussie Underdog,978.22
AG.Nefarious,978.18
NMG Academy,978.15
AGG,978.14
Wolfpack,978.14
BLAZE International,978.12
SFG,978.1
GrandSpirit,978.1
SE Necrosis,978.06
Trident Clan,978.05
Goblin Squadron,978.03
Cream Team,978.03
ADS Gang,978.01
FOXN TEAM,978.01
HOG RIDERS,978.01
FUSCA AZUL,977.98
Take Back Control,977.95
Valorantaupe,977.92
Intrepid Fox,977.92
Tuwaiq Esports Club,977.92
MUTANTS,977.91
New Era GC,977.91
Aqualix,977.9
SAKS,977.88
FC Pat Patrouille,977.88
MercenarieZ,977.88
3 Gün Yeter,977.88
3A POCCUl-0,977.84
Team Asteria,977.83
Ungentium,977.81
Boss Gold,977.8
Bottom as always,977.8
Tempest Gaming,977.79
we dem boyz,977.78
RVNS Esports,977.78
Big Brain,977.77
SHOOT FOR FUN,977.77
Sivasspor E-Spor,977.77
REBORN ZERO FAIRY,977.77
Des Moines DMG,977.74
ASI,977.73
Lunatic-Hai FLUX,977.71
ChillinWithFriends,977.7
FontanerosMaura,977.67
Team Ancients Female,977.67
Spanish Mix,977.64
ZAMAN,977.64
Hexad,977.63
M42 Esports,977.63
LES PILLEURS,977.62
LINGUISALESS,977.62
duplaw,977.62
GOODFOR1,977.61
FaRt Clan,977.61
Terminate Esports,977.6
Shadow Life,977.59
Wichita Wolves,977.59
Defiant,977.58
GCU Esports,977.57
volei e peteca,977.57
MANGO,977.56
paroXysme,977.54
1st MegaSaver,977.51
Logan Paulers,977.47
PASCHKA,977.47
Take It Easy,977.44
thegiornalisti,977.42
bb.w7m,977.4
Vortex,977.37
1Tap Tavern,977.31
Team Rocket,977.29
OTF,977.28
Blind Esports,977.27
Cakebois,977.26
Wide Swing,977.25
MBAPPEEK,977.24
VPG Headhunters,977.24
S2,977.23
Colors Esport,977.21
fish with no eye,977.21
Lycus Empire,977.2
RABILIS BURST,977.2
Nihil,977.16
Team Wizard,977.11
Goodbye myTeq,977.1
Nanashi no Gonbee,977.09
Team Leviathan,977.08
Folouers Esports,977.08
caLLLamas,977.08
Frontline Esports,977.06
Party Stool,977.05
HIT GAMING CLAN,977.05
NXGHT,977.04
Puggers Unite,977.01
ALCYONE,977.0
LFT,977.0
Furore Draco,976.97
SHINY,976.94
Reformados,976.94
Sequenz,976.94
Tussin Purple,976.94
Amethaverse Esports,976.93
ILG JADE,976.92
Team Gravity,976.91
Team Endavant,976.91
Clover,976.86
Trouble Makers,976.85
OGvBudke,976.85
Zero MarksMen,976.84
FIU,976.84
Lycus Empire Red,976.84
EQ Red,976.84
DREAMLAND,976.83
LividOnes,976.83
ENTER FORCE.36,976.82
AlmondLatte,976.81
Penguin Platoon,976.81
UltraLight Team 3,976.78
The Swarm,976.77
ex-Reveur/Team Phenix,976.74
Babi Guling,976.73
OBSRV,976.72
EWAVE ESPORTS,976.63
VECA,976.62
Premier Esports,976.59
GaDZoVKY,976.58
Nora's Kitten Shelter,976.58
TEAM MANGAL,976.56
born to hiii,976.55
7 States S,976.54
Orgless Redux,976.45
Arctic Ace,976.44
Tenax,976.44
Gui Su,976.42
Homies Nexus,976.41
Barcelona Sporting X,976.41
Mix it up fem,976.39
Team F,976.38
KunPeng Gaming,976.34
FC,976.32
Nine Esport,976.32
hope,976.31
no name,976.3
Zytic eSports,976.23
US Army Esports,976.22
SwedishStyle,976.21
afterMath Esports,976.2
Stars,976.19
red21,976.15
ex-Overtime Esports,976.14
Team Fish Taco Vice,976.09
Surabaya Esports,976.07
IlluZion,976.07
Collateral eSports,976.07
mSpaz,976.01
Equinox Day,975.98
OPERATION STRIX,975.98
SLO,975.92
Optimistic eSports,975.92
Bifrost,975.91
Team Dhalucard,975.9
EnRo Griffins,975.9
Save's eSports,975.88
Reject$ Female,975.86
Soabh,975.85
Team 7AM,975.81
ARI's MONEY CREW,975.76
Wolfpack Esports,975.76
Exality,975.72
One More Game,975.72
Team Kraken Archons,975.66
Out of sight,975.65
MONSTROS FA,975.65
TEN-5,975.62
Odium,975.56
Crownless,975.56
TGPA,975.53
GOAGOAGOA,975.51
Patchwork,975.47
FreeAgentz,975.43
6IX Shootas,975.41
SUPERFECT Esports,975.41
Reverse 7,975.39
Sovereignty White,975.31
AvenGers,975.28
The Mandalorian,975.27
BE FUN SWORD,975.25
KAMK.GG LUMI,975.25
Team Fight,975.22
Normal Player Gaming,975.19
Śląsk Wrocław,975.07
Flash,975.07
Point of Authority Blossom,975.06
Whiskey Tango Foxtrot,975.0
GodVibes,974.98
Icons,974.98
KAZE Obelisk,974.98
Gym Rats,974.97
7even Esport,974.95
Varazze,974.94
Flamengo Esports,974.84
school13,974.8
Hurricane Of Feathers,974.76
Atfinest,974.74
Rexpect Glamour,974.74
Epherium,974.69
Ahjin,974.65
#1 Victory Royale,974.61
HotThots,974.6
myTeq,974.59
NTPOJA,974.59
Tropa Suprema,974.58
Dog Team Needs Club Org,974.57
ZAM+4,974.56
MAX Esports,974.47
SG e-Sports,974.4
No2B e-Sports,974.35
PolyCyber,974.33
Born to win,974.33
Illuzion Orange,974.23
eco chálks,974.17
QoR GC,974.13
PXL Esports,974.1
BlackJack Esports,974.1
Updraft,973.99
Cataclysm Gaming,973.99
CGN Sakura,973.93
Lunch Club,973.88
Bazooka Puppiez,973.87
Melilla Titans Rhea,973.84
Army National Guard,973.83
Sainuahualouis,973.82
Team Path,973.8
XenoFrost,973.78
AQUA Gaming,973.74
Into The Breach Protocol,973.7
Hyperspace Dark,973.61
Raptor Esport,973.58
Untouched Celibates,973.53
Team Solace,973.43
świeca,973.32
Mencari Tempat Berlabuh,973.3
Man I Love Fwogs,973.2
GeeKay Esports Cherry,973.1
First Class,972.94
FULL SENSE U20,972.8
Orgless Olafs,972.62
MRVZT,972.6
w0wClan,972.52
Magic Esport,972.44
VICTORY,972.44
Team Artisan,972.37
Boca Boston,972.26
Team Untold,972.11
D2E Gold,972.1
Skull Cracker,972.05
GyoGun,972.05
QLASH Syrax,971.9
UBITEAM,971.79
Tiger Wong Esports,971.78
Roblox Rejects,971.77
LTG,971.76
Glueface,971.7
Les Bijoux,971.55
wows little pugstars,971.55
PommyPurin,971.54
NecroRaisers,971.08
Team Sinful,970.72
HypeHorizen,970.64
RogerRoger,970.58
Zero2Hero Esports Academy,970.42
PowerHouse,970.06
Grayfox Esports,970.05
New Combat Line GC,969.8
PAPA ESPORTS,969.73
836.PizzaLocale,969.51
Can't Be Touched,969.46
Alejkum Salam,969.34
Godset,969.16
Progress,968.86
Last Resistance,968.84
DEMURY,968.83
WDNO,968.66
Hogwarts,968.45
Dirty boys,968.41
True Damage Gaming,968.23
OXEN GC,967.99
Crime,967.97
KETÄ,967.95
虎尾566團購,967.89
ValorantEXEC,967.83
couchless,967.69
ENDLESS GAMING,967.61
Bear Minimum,967.37
Syntax,967.37
Darren Till,967.31
123,967.27
TEAM X-FORCE,967.17
Searchıng4Org,966.67
Zeusaberz Esports,966.66
Fluffy Cows,966.62
Necrotic Esports,966.4
Trash Pandas,966.35
HOMELESS,966.25
Salade Sun,966.11
Ksenox,965.95
Los Bandidos,965.69
1234,965.54
Game Fist,965.46
Eclectiq,965.2
4iHNK,965.17
Temp name,965.17
Team Terenas,964.91
Debt Collectors,964.89
Heat Waves,964.87
cTalents,964.81
4Fun,964.78
Yumisu Esport,964.78
Sussy,964.65
Oni Fans,964.61
InsignedEU,964.52
Mägge Esports,964.47
Hooligans,964.35
Ranked Demons,964.25
Permitta Unicorns,963.99
FARMERS,963.61
Rexpect eSports,963.55
Team Ambition Shattered,963.47
New Boss Esports,963.42
Icarus,963.38
Team Evo,963.07
Carnival Gaming,962.88
dfiance,962.65
OG LDN UTD,962.65
SLODI REPUS,962.34
InternetFlicks,962.09
Omnipotent Gaming,961.91
P1F,961.88
Illumina Blue,961.7
No Chance,961.43
99Crooks,961.16
Awaken,961.13
Lucid,961.13
Fojosok,961.0
Fake Aussies,960.77
qz,960.74
Team Adios,960.65
HighRollers,960.5
APAC Slayer,960.3
KVM Esports,960.24
